Workbook

Sheet 202609
A1: 2026년 9월 한탄강 수계 수질조사 결과
A2: 연번 | B2: 하천명 | C2: 시료번호 | D2: 주 소 | E2: TOC | F2: COD | G2: BOD | H2: SS | I2: T-N | J2: T-P | K2: 색도 | L2: 시료채취일 | M2: 요일
A3: 1 | B3: 1)한탄강 | C3: 한탄강1 | D3: 포천시 창수면 운산리 영로교 아래 | E3: 3.92 | F3: 7.3 | G3: 1.5 | H3: 1.4 | I3: 6.44 | J3: 0.02 | K3: 7 | L3: 46293 | M3: =TEXT(L3,"aaa") -> 월
A4: 2 | C4: 한탄강 연1 | D4: 연천군 전곡읍 신답리 1(영평천 합류전) | E4: 1.9 | G4: 1.6 | H4: 4.8 | I4: 4.553 | J4: 0.081 | K4: 17 | L4: 46275 | M4: =TEXT(L4,"aaa") -> 목
A5: 3 | C5: 한탄강 연2 | D5: 연천군 청산면 궁평리 561-1(영평천 합류후) | E5: 2 | G5: 2.2 | H5: 3.8 | I5: 4.481 | J5: 0.076 | K5: 16 | L5: 46275 | M5: =TEXT(L5,"aaa") -> 목
A6: 4 | C6: 한탄강 연4 | D6: 연천군 전곡읍 전곡리 681-2(세월교)_색도 목표지점 | E6: 2.4 | G6: 0.9 | H6: 2.6 | I6: 5.657 | J6: 0.07 | K6: 17 | L6: 46275 | M6: =TEXT(L6,"aaa") -> 목
A7: 5 | B7: 2)포천천 | C7: 포천천1 | D7: 포천시 소흘읍 무봉리 이동교리교 (포천천 상류,부인터사거리 뒤) | E7: 4.27 | G7: 1.9 | H7: 5.2 | I7: 2.679 | J7: 0.056 | K7: 9 | L7: 46293 | M7: =TEXT(L7,"aaa") -> 월
A8: 6 | C8: 포천천2 | D8: 포천시 신읍동 한내교 아래(실제 가스충전소 뒤 / 중류) | E8: 4.22 | F8: 5.2 | G8: 2.1 | H8: 5.7 | I8: 10.656 | J8: 0.14 | K8: 8 | L8: 46293 | M8: =TEXT(L8,"aaa") -> 월
A9: 7 | C9: 포천천3 | D9: 포천시 영중면 거사3리 농본교(포천천 하류) | E9: 4.18 | G9: 6 | H9: 27.6 | I9: 4.733 | J9: 0.042 | K9: 10 | L9: 46293 | M9: =TEXT(L9,"aaa") -> 월
A10: 8 | B10: 3)금현천 | C10: 금현천 | D10: 포천시 가산면 마산리 금현천교 아래(세창아파트 뒤) | E10: 4.09 | G10: 3.6 | H10: 76.8 | I10: 5.027 | J10: 0.017 | K10: 14 | L10: 46293 | M10: =TEXT(L10,"aaa") -> 월
A11: 9 | B11: 4)송우천 | C11: 송우천 | D11: 포천시 송우리 641-92(송우교 아래) | E11: 3.98 | G11: 2.3 | H11: 19.8 | I11: 3.593 | J11: 0.042 | K11: 11 | L11: 46293 | M11: =TEXT(L11,"aaa") -> 월
A12: 10 | B12: 5)영평천 | C12: 영평천1 | D12: 포천시 이동면 노곡리 낭유대교 아래(영평천 상류) | E12: 1.66 | F12: 3.7 | G12: 3.8 | H12: 34.4 | I12: 3.338 | J12: 0.043 | K12: 11 | L12: 46293 | M12: =TEXT(L12,"aaa") -> 월
A13: 11 | C13: 영평천2 | D13: 포천시 영중면 성동리 와룡교 아래(수입천 합류 후) | E13: 1.68 | G13: 2.9 | H13: 5.8 | I13: 4.54 | J13: 0.081 | K13: 15 | L13: 46293 | M13: =TEXT(L13,"aaa") -> 월
A14: 12 | C14: 영평천3 | D14: 포천시 영중면 영송리 영평교 아래(포천천 합류 후) | E14: 2.15 | G14: 3.3 | H14: 6.4 | I14: 4.941 | J14: 0.099 | K14: 18 | L14: 46293 | M14: =TEXT(L14,"aaa") -> 월
A15: 13 | C15: 영평천4 | D15: 포천시 창수면 오가리 오가교 아래(외북천 합류 후) | E15: 2.06 | G15: 3 | H15: 8.8 | I15: 4.772 | J15: 0.078 | K15: 22 | L15: 46293 | M15: =TEXT(L15,"aaa") -> 월
A16: 14 | C16: 영평천5 | D16: 포천시 창수면 고소성리 백의교(포천-연천 경계 / 영평천 하류) | E16: 2.15 | G16: 2.7 | H16: 11 | I16: 5.821 | J16: 0.114 | K16: 34 | L16: 46293 | M16: =TEXT(L16,"aaa") -> 월
A17: 15 | B17: 6)외북천 | C17: 외북천2 | D17: 포천시 영중면 영송리 통일교 아래(외북천 중류) | E17: 3.45 | G17: 3.8 | H17: 7 | I17: 6.836 | J17: 0.084 | K17: 35 | L17: 46293 | M17: =TEXT(L17,"aaa") -> 월
A18: 16 | C18: 외북천3 | D18: 포천시 영중면 영송리 두엄바이오 앞 (외북천 하류) | E18: 3.35 | G18: 4.8 | H18: 8.4 | I18: 6.293 | J18: 0.077 | K18: 32 | L18: 46293 | M18: =TEXT(L18,"aaa") -> 월
A19: 17 | B19: 7)수입천 | C19: 수입천 | D19: 포천시 일동면 사직리 1390-5(일이동처리장 입구) | E19: 1.7 | F19: 3.5 | G19: 3.3 | H19: 7.2 | I19: 6.15 | J19: 0.071 | K19: 31 | L19: 46293 | M19: =TEXT(L19,"aaa") -> 월
A20: 18 | B20: 8)신천 | C20: 신천1 | D20: 양주시 백석읍 오산리 137-2(신천-오산리_방성천 합류 전) | E20: 2.73 | G20: 1.8 | H20: 2.7 | I20: 12.8 | J20: 0.091 | K20: 8 | L20: 46294 | M20: =TEXT(L20,"aaa") -> 화
A21: 19 | C21: 신천5 | D21: 양주시 광적면 가납리 710(신천-우고천 합류 후) | E21: 3.48 | G21: 6.6 | H21: 26.4 | I21: 18.047 | J21: 0.074 | K21: 19 | L21: 46294 | M21: =TEXT(L21,"aaa") -> 화
A22: 20 | C22: 신천중류 | D22: 양주시 남면 상수리 104-39(입암천 합류 전) | E22: 7.6 | G22: 1.2 | H22: 1.4 | I22: 2.142 | J22: 0.026 | K22: 6 | L22: 46294 | M22: =TEXT(L22,"aaa") -> 화
A23: 21 | C23: 신천9 | D23: 양주시 은현면 운암리 60-15(은현교) | E23: 6.52 | G23: 1 | H23: 3.5 | I23: 1.999 | J23: 0.014 | K23: 3 | L23: 46294 | M23: =TEXT(L23,"aaa") -> 화
A24: 22 | C24: 용암교 | D24: 양주시 은현면 용암리 241-1(구 세월교) | E24: 5.95 | F24: 6.7 | G24: 3.3 | H24: 4.4 | I24: 7.035 | J24: 0.051 | K24: 12 | L24: 46294 | M24: =TEXT(L24,"aaa") -> 화
A25: 23 | C25: 신천11 | D25: 양주시 은현면 용암리 240-1(위생환경사업소앞) | E25: 5.88 | G25: 1.6 | H25: 18 | I25: 1.538 | J25: 0.04 | K25: 5 | L25: 46294 | M25: =TEXT(L25,"aaa") -> 화
A26: 24 | C26: 신천13 | D26: 동두천시 송내동 651-3(현대아이파크 앞) | E26: 4.6 | G26: 1.9 | H26: 6.5 | I26: 4.782 | J26: 0.164 | K26: 12 | L26: 46274 | M26: =TEXT(L26,"aaa") -> 수
A27: 25 | C27: 신천15 | D27: 동두천시 보산동 429-48 인근 진검다리 | E27: 4.9 | G27: 3 | H27: 13.8 | I27: 4.188 | J27: 0.017 | K27: 19 | L27: 46274 | M27: =TEXT(L27,"aaa") -> 수
A28: 26 | C28: 신천17 | D28: 동두천시 하봉암동 340-1 인근 | E28: 5.3 | G28: 3.9 | H28: 18.2 | I28: 4.169 | J28: 0.065 | K28: 20 | L28: 46274 | M28: =TEXT(L28,"aaa") -> 수
A29: 27 | C29: 신천17-2 | D29: 동두천시 하봉암동 327-1(하봉암교) | E29: 6.1 | G29: 3.5 | H29: 16.4 | I29: 4.871 | J29: 0.064 | K29: 33 | L29: 46274 | M29: =TEXT(L29,"aaa") -> 수
A30: 28 | C30: 신천18-1 | D30: 연천군 청산면 초성리 426, 초성교(시군경계) | E30: 6.6 | G30: 3.3 | H30: 19.6 | I30: 4.678 | J30: 0.051 | K30: 21 | L30: 46275 | M30: =TEXT(L30,"aaa") -> 목
A31: 29 | C31: 신천18 | D31: 연천군 청산면 초성리 142-5(신천교) | E31: 6.4 | G31: 3 | H31: 19.8 | I31: 4.521 | J31: 0.041 | K31: 20 | L31: 46275 | M31: =TEXT(L31,"aaa") -> 목
A32: 30 | C32: 신천20 | D32: 연천군 청산면 초성리 306-5(대전교) | E32: 6 | G32: 3 | H32: 24.2 | I32: 3.745 | J32: 0.038 | K32: 19 | L32: 46275 | M32: =TEXT(L32,"aaa") -> 목
A33: 31 | B33: 9)능안천 | C33: 능안천 | D33: 양주시 백석읍 방성리 205-12 | E33: 3.92 | G33: 1.9 | H33: 1.7 | I33: 13.962 | J33: 0.037 | K33: 12 | L33: 46294 | M33: =TEXT(L33,"aaa") -> 화
A34: 32 | B34: 10)효촌천 | C34: 효촌천 | D34: 양주시 남면 상수리 264 | E34: 29.35 | G34: 5 | H34: 13.2 | I34: 4.497 | J34: 0.135 | K34: 29 | L34: 46294 | M34: =TEXT(L34,"aaa") -> 화
A35: 33 | B35: 11)덕계천 | C35: 덕계천-하 | D35: 양주시 회정동 317-4 | E35: 2.93 | G35: 0.4 | H35: 0.6 | I35: 3.975 | J35: 0.019 | K35: 9 | L35: 46294 | M35: =TEXT(L35,"aaa") -> 화 | N35: 변경지점
A36: 34 | B36: 12)마개미천 | C36: 마개미천 | D36: 양주시 덕계동 169-17 | E36: 1.87 | G36: 1.2 | H36: 2.5 | I36: 3.279 | J36: 0.028 | K36: 16 | L36: 46294 | M36: =TEXT(L36,"aaa") -> 화 | N36: 신규지점
A37: 35 | B37: 13)회암천 | C37: 회암천_중 | D37: 양주시 옥정동로 율정초교 앞 | E37: 5.31 | G37: 2.8 | H37: 1.9 | I37: 8.889 | J37: 0.029 | K37: 9 | L37: 46294 | M37: =TEXT(L37,"aaa") -> 화
A38: 36 | B38: 14)청담천 | C38: 청담천 | D38: 양주시 고암동 211-1 | E38: 2.95 | G38: 0.8 | H38: 2.2 | I38: 2.619 | J38: 0.027 | K38: 16 | L38: 46294 | M38: =TEXT(L38,"aaa") -> 화
A39: 37 | B39: 15)상패천 | C39: 상패천 | D39: 동두천시 상패동 307-7 인근 (강변교 아래) (신천 합류 전) | E39: 3.7 | G39: 5.9 | H39: 15.4 | I39: 0.696 | J39: 0.062 | K39: 17 | L39: 46274 | M39: =TEXT(L39,"aaa") -> 수

Sheet 202608
A1: 2026년 8월 한탄강 수계 수질조사 결과
A2: 연번 | B2: 하천명 | C2: 시료번호 | D2: 주 소 | E2: TOC | F2: COD | G2: BOD | H2: SS | I2: T-N | J2: T-P | K2: 색도 | L2: 시료채취일 | M2: 요일
A3: 1 | B3: 1)한탄강 | C3: 한탄강1 | D3: 포천시 창수면 운산리 영로교 아래 | E3: 2.4 | F3: 3.8 | G3: 1.5 | H3: 6 | I3: 4.495 | J3: 0.058 | K3: 11 | L3: 46258 | M3: =TEXT(L3,"aaa") -> 월
A4: 2 | C4: 한탄강 연1 | D4: 연천군 전곡읍 신답리 1(영평천 합류전) | E4: 2.1 | G4: 1.2 | H4: 3.7 | I4: 1.42 | J4: 0.01 | K4: 6 | L4: 46245 | M4: =TEXT(L4,"aaa") -> 화
A5: 3 | C5: 한탄강 연2 | D5: 연천군 청산면 궁평리 561-1(영평천 합류후) | E5: 2.7 | G5: 1.4 | H5: 4.3 | I5: 2.199 | J5: 0.012 | K5: 7 | L5: 46245 | M5: =TEXT(L5,"aaa") -> 화
A6: 4 | C6: 한탄강 연4 | D6: 연천군 전곡읍 전곡리 681-2(세월교)_색도 목표지점 | E6: 3 | G6: 1.4 | H6: 5.7 | I6: 2.067 | J6: 0.011 | K6: 12 | L6: 46245 | M6: =TEXT(L6,"aaa") -> 화
A7: 5 | B7: 2)포천천 | C7: 포천천1 | D7: 포천시 소흘읍 무봉리 이동교리교 (포천천 상류,부인터사거리 뒤) | E7: 2.9 | G7: 1.1 | H7: 2.6 | I7: 3.848 | J7: 0.1 | K7: 10 | L7: 46258 | M7: =TEXT(L7,"aaa") -> 월
A8: 6 | C8: 포천천2 | D8: 포천시 신읍동 한내교 아래(실제 가스충전소 뒤 / 중류) | E8: 2.9 | F8: 3.7 | G8: 1.4 | H8: 3.1 | I8: 3.788 | J8: 0.096 | K8: 14 | L8: 46258 | M8: =TEXT(L8,"aaa") -> 월
A9: 7 | C9: 포천천3 | D9: 포천시 영중면 거사3리 농본교(포천천 하류) | E9: 3 | G9: 1.5 | H9: 2.9 | I9: 3.728 | J9: 0.098 | K9: 12 | L9: 46258 | M9: =TEXT(L9,"aaa") -> 월
A10: 8 | B10: 3)금현천 | C10: 금현천 | D10: 포천시 가산면 마산리 금현천교 아래(세창아파트 뒤) | E10: 3.4 | G10: 1.2 | H10: 1.5 | I10: 6.713 | J10: 0.028 | K10: 12 | L10: 46258 | M10: =TEXT(L10,"aaa") -> 월
A11: 9 | B11: 4)송우천 | C11: 송우천 | D11: 포천시 송우리 641-92(송우교 아래) | E11: 3.4 | G11: 1.3 | H11: 3 | I11: 6.702 | J11: 0.027 | K11: 11 | L11: 46258 | M11: =TEXT(L11,"aaa") -> 월
A12: 10 | B12: 5)영평천 | C12: 영평천1 | D12: 포천시 이동면 노곡리 낭유대교 아래(영평천 상류) | E12: 3 | F12: 3.6 | G12: 1.3 | H12: 3 | I12: 3.852 | J12: 0.098 | K12: 8 | L12: 46258 | M12: =TEXT(L12,"aaa") -> 월
A13: 11 | C13: 영평천2 | D13: 포천시 영중면 성동리 와룡교 아래(수입천 합류 후) | E13: 2.5 | G13: 1.1 | H13: 5.7 | I13: 4.421 | J13: 0.055 | K13: 10 | L13: 46258 | M13: =TEXT(L13,"aaa") -> 월
A14: 12 | C14: 영평천3 | D14: 포천시 영중면 영송리 영평교 아래(포천천 합류 후) | E14: 2.5 | G14: 1.2 | H14: 6.1 | I14: 4.42 | J14: 0.057 | K14: 10 | L14: 46258 | M14: =TEXT(L14,"aaa") -> 월
A15: 13 | C15: 영평천4 | D15: 포천시 창수면 오가리 오가교 아래(외북천 합류 후) | E15: 3.4 | G15: 1.3 | H15: 1.5 | I15: 6.671 | J15: 0.025 | K15: 11 | L15: 46258 | M15: =TEXT(L15,"aaa") -> 월
A16: 14 | C16: 영평천5 | D16: 포천시 창수면 고소성리 백의교(포천-연천 경계 / 영평천 하류) | E16: 3.4 | G16: 1.3 | H16: 1.4 | I16: 6.637 | J16: 0.025 | K16: 12 | L16: 46258 | M16: =TEXT(L16,"aaa") -> 월
A17: 15 | B17: 6)외북천 | C17: 외북천2 | D17: 포천시 영중면 영송리 통일교 아래(외북천 중류) | E17: 5.1 | G17: 1.9 | H17: 8.6 | I17: 8.081 | J17: 0.821 | K17: 23 | L17: 46258 | M17: =TEXT(L17,"aaa") -> 월
A18: 16 | C18: 외북천3 | D18: 포천시 영중면 영송리 두엄바이오 앞 (외북천 하류) | E18: 5 | G18: 2.1 | H18: 18 | I18: 8.096 | J18: 0.827 | K18: 21 | L18: 46258 | M18: =TEXT(L18,"aaa") -> 월
A19: 17 | B19: 7)수입천 | C19: 수입천 | D19: 포천시 일동면 사직리 1390-5(일이동처리장 입구) | E19: 2.5 | F19: 3.5 | G19: 1.6 | H19: 6.4 | I19: 4.432 | J19: 0.058 | K19: 11 | L19: 46258 | M19: =TEXT(L19,"aaa") -> 월
A20: 18 | B20: 8)신천 | C20: 신천1 | D20: 양주시 백석읍 오산리 137-2(신천-오산리_방성천 합류 전) | E20: 2.8 | G20: 1.5 | H20: 1.1 | I20: 2.416 | J20: 0.036 | K20: 7 | L20: 46246 | M20: =TEXT(L20,"aaa") -> 수
A21: 19 | C21: 신천5 | D21: 양주시 광적면 가납리 710(신천-우고천 합류 후) | E21: 3.4 | G21: 1.5 | H21: 2.8 | I21: 3.708 | J21: 0.107 | K21: 9 | L21: 46246 | M21: =TEXT(L21,"aaa") -> 수
A22: 20 | C22: 신천중류 | D22: 양주시 남면 상수리 104-39(입암천 합류 전) | E22: 5.4 | G22: 4.1 | H22: 4.8 | I22: 5.077 | J22: 0.084 | K22: 22 | L22: 46246 | M22: =TEXT(L22,"aaa") -> 수
A23: 21 | C23: 신천9 | D23: 양주시 은현면 운암리 60-15(은현교) | E23: 5.7 | G23: 2.3 | H23: 6.2 | I23: 4.428 | J23: 0.084 | K23: 16 | L23: 46246 | M23: =TEXT(L23,"aaa") -> 수
A24: 22 | C24: 용암교 | D24: 양주시 은현면 용암리 241-1(구 세월교) | E24: 1.8 | F24: 3.6 | G24: 1.6 | H24: 7.8 | I24: 4.735 | J24: 0.066 | K24: 16 | L24: 46246 | M24: =TEXT(L24,"aaa") -> 수
A25: 23 | C25: 신천11 | D25: 양주시 은현면 용암리 240-1(위생환경사업소앞) | E25: 5.4 | G25: 3.6 | H25: 8.8 | I25: 5.038 | J25: 0.07 | K25: 12 | L25: 46246 | M25: =TEXT(L25,"aaa") -> 수
A26: 24 | C26: 신천13 | D26: 동두천시 송내동 651-3(현대아이파크 앞) | E26: 5.5 | G26: 2.3 | H26: 13.6 | I26: 3.493 | J26: 0.019 | K26: 12 | L26: 46247 | M26: =TEXT(L26,"aaa") -> 목
A27: 25 | C27: 신천15 | D27: 동두천시 보산동 429-48 인근 진검다리 | E27: 6.9 | G27: 3 | H27: 13.8 | I27: 4.188 | J27: 0.017 | K27: 19 | L27: 46247 | M27: =TEXT(L27,"aaa") -> 목
A28: 26 | C28: 신천17 | D28: 동두천시 하봉암동 340-1 인근 | E28: 6.9 | G28: 3.9 | H28: 18.2 | I28: 4.169 | J28: 0.065 | K28: 20 | L28: 46247 | M28: =TEXT(L28,"aaa") -> 목
A29: 27 | C29: 신천17-2 | D29: 동두천시 하봉암동 327-1(하봉암교) | E29: 7.5 | G29: 3.5 | H29: 16.4 | I29: 4.871 | J29: 0.064 | K29: 33 | L29: 46247 | M29: =TEXT(L29,"aaa") -> 목
A30: 28 | C30: 신천18-1 | D30: 연천군 청산면 초성리 426, 초성교(시군경계) | E30: 5.6 | G30: 3.3 | H30: 19.6 | I30: 4.678 | J30: 0.051 | K30: 21 | L30: 46245 | M30: =TEXT(L30,"aaa") -> 화
A31: 29 | C31: 신천18 | D31: 연천군 청산면 초성리 142-5(신천교) | E31: 5.4 | G31: 3 | H31: 19.8 | I31: 4.521 | J31: 0.041 | K31: 20 | L31: 46245 | M31: =TEXT(L31,"aaa") -> 화
A32: 30 | C32: 신천20 | D32: 연천군 청산면 초성리 306-5(대전교) | E32: 5.7 | G32: 3 | H32: 24.2 | I32: 3.745 | J32: 0.038 | K32: 19 | L32: 46245 | M32: =TEXT(L32,"aaa") -> 화
A33: 31 | B33: 9)능안천 | C33: 능안천 | D33: 양주시 백석읍 방성리 205-12 | E33: 1.3 | G33: 1.9 | H33: 1.7 | I33: 13.962 | J33: 0.037 | K33: 12 | L33: 46246 | M33: =TEXT(L33,"aaa") -> 수
A34: 32 | B34: 10)효촌천 | C34: 효촌천 | D34: 양주시 남면 상수리 264 | E34: 7.8 | G34: 5 | H34: 13.2 | I34: 4.497 | J34: 0.135 | K34: 29 | L34: 46246 | M34: =TEXT(L34,"aaa") -> 수
A35: 33 | B35: 11)덕계천 | C35: 덕계천-하 | D35: 양주시 회정동 317-4 | E35: 0.9 | G35: 0.4 | H35: 0.6 | I35: 3.975 | J35: 0.019 | K35: 9 | L35: 46246 | M35: =TEXT(L35,"aaa") -> 수 | N35: 변경지점
A36: 34 | B36: 12)마개미천 | C36: 마개미천 | D36: 양주시 덕계동 169-17 | E36: 0.7 | G36: 1.2 | H36: 2.5 | I36: 3.279 | J36: 0.028 | K36: 16 | L36: 46246 | M36: =TEXT(L36,"aaa") -> 수 | N36: 신규지점
A37: 35 | B37: 13)회암천 | C37: 회암천_중 | D37: 양주시 옥정동로 율정초교 앞 | E37: 3.7 | G37: 2.8 | H37: 1.9 | I37: 8.889 | J37: 0.029 | K37: 9 | L37: 46246 | M37: =TEXT(L37,"aaa") -> 수
A38: 36 | B38: 14)청담천 | C38: 청담천 | D38: 양주시 고암동 211-1 | E38: 1.2 | G38: 0.8 | H38: 2.2 | I38: 2.619 | J38: 0.027 | K38: 16 | L38: 46246 | M38: =TEXT(L38,"aaa") -> 수
A39: 37 | B39: 15)상패천 | C39: 상패천 | D39: 동두천시 상패동 307-7 인근 (강변교 아래) (신천 합류 전) | E39: 6.6 | G39: 5.9 | H39: 15.4 | I39: 0.696 | J39: 0.062 | K39: 17 | L39: 46247 | M39: =TEXT(L39,"aaa") -> 목

Sheet 202607
A1: 2026년 7월 한탄강 수계 수질조사 결과
A2: 연번 | B2: 하천명 | C2: 시료번호 | D2: 주 소 | E2: TOC | F2: COD | G2: BOD | H2: SS | I2: T-N | J2: T-P | K2: 색도 | L2: 시료채취일 | M2: 요일
A3: 1 | B3: 1)한탄강 | C3: 한탄강1 | D3: 포천시 창수면 운산리 영로교 아래 | E3: 2.93 | F3: 4.3 | G3: 1.1 | H3: 3.1 | I3: 5.696 | J3: 0.05 | K3: 12 | L3: 46232 | M3: =TEXT(L3,"aaa") -> 수
A4: 2 | C4: 한탄강 연1 | D4: 연천군 전곡읍 신답리 1(영평천 합류전) | E4: 1.93 | G4: 1.5 | H4: 18.8 | I4: 1.865 | J4: 0.044 | K4: 13 | L4: 46232 | M4: =TEXT(L4,"aaa") -> 수
A5: 3 | C5: 한탄강 연2 | D5: 연천군 청산면 궁평리 561-1(영평천 합류후) | E5: 1.87 | G5: 1.4 | H5: 19.5 | I5: 1.863 | J5: 0.044 | K5: 15 | L5: 46232 | M5: =TEXT(L5,"aaa") -> 수
A6: 4 | C6: 한탄강 연4 | D6: 연천군 전곡읍 전곡리 681-2(세월교)_색도 목표지점 | E6: 1.83 | G6: 1.5 | H6: 18.7 | I6: 2.338 | J6: 0.047 | K6: 15 | L6: 46232 | M6: =TEXT(L6,"aaa") -> 수
A7: 5 | B7: 2)포천천 | C7: 포천천1 | D7: 포천시 소흘읍 무봉리 이동교리교 (포천천 상류,부인터사거리 뒤) | E7: 2.4 | G7: 0.7 | H7: 2.2 | I7: 4.574 | J7: 0.076 | K7: 9 | L7: 46232 | M7: =TEXT(L7,"aaa") -> 수
A8: 6 | C8: 포천천2 | D8: 포천시 신읍동 한내교 아래(실제 가스충전소 뒤 / 중류) | E8: 2.48 | F8: 3.3 | G8: 1.1 | H8: 2.7 | I8: 4.308 | J8: 0.073 | K8: 14 | L8: 46232 | M8: =TEXT(L8,"aaa") -> 수
A9: 7 | C9: 포천천3 | D9: 포천시 영중면 거사3리 농본교(포천천 하류) | E9: 2.5 | G9: 0.7 | H9: 2.3 | I9: 4.54 | J9: 0.075 | K9: 11 | L9: 46232 | M9: =TEXT(L9,"aaa") -> 수
A10: 8 | B10: 3)금현천 | C10: 금현천 | D10: 포천시 가산면 마산리 금현천교 아래(세창아파트 뒤) | E10: 2.9 | G10: 0.7 | H10: 2.7 | I10: 5.71 | J10: 0.05 | K10: 9 | L10: 46232 | M10: =TEXT(L10,"aaa") -> 수
A11: 9 | B11: 4)송우천 | C11: 송우천 | D11: 포천시 송우리 641-92(송우교 아래) | E11: 2.9 | G11: 0.6 | H11: 2.4 | I11: 5.841 | J11: 0.052 | K11: 10 | L11: 46232 | M11: =TEXT(L11,"aaa") -> 수
A12: 10 | B12: 5)영평천 | C12: 영평천1 | D12: 포천시 이동면 노곡리 낭유대교 아래(영평천 상류) | E12: 2.2 | F12: 4 | G12: 1.5 | H12: 2.3 | I12: 6.623 | J12: 0.064 | K12: 8 | L12: 46232 | M12: =TEXT(L12,"aaa") -> 수
A13: 11 | C13: 영평천2 | D13: 포천시 영중면 성동리 와룡교 아래(수입천 합류 후) | E13: 2.1 | G13: 0.7 | H13: 2.2 | I13: 6.919 | J13: 0.064 | K13: 21 | L13: 46232 | M13: =TEXT(L13,"aaa") -> 수
A14: 12 | C14: 영평천3 | D14: 포천시 영중면 영송리 영평교 아래(포천천 합류 후) | E14: 2 | G14: 0.7 | H14: 1 | I14: 4.462 | J14: 0.039 | K14: 6 | L14: 46232 | M14: =TEXT(L14,"aaa") -> 수
A15: 13 | C15: 영평천4 | D15: 포천시 창수면 오가리 오가교 아래(외북천 합류 후) | E15: 2 | G15: 0.5 | H15: 1.1 | I15: 4.569 | J15: 0.039 | K15: 7 | L15: 46232 | M15: =TEXT(L15,"aaa") -> 수
A16: 14 | C16: 영평천5 | D16: 포천시 창수면 고소성리 백의교(포천-연천 경계 / 영평천 하류) | E16: 2 | G16: 0.6 | H16: 0.7 | I16: 4.607 | J16: 0.039 | K16: 8 | L16: 46232 | M16: =TEXT(L16,"aaa") -> 수
A17: 15 | B17: 6)외북천 | C17: 외북천2 | D17: 포천시 영중면 영송리 통일교 아래(외북천 중류) | E17: 3.7 | G17: 0.9 | H17: 8.5 | I17: 8.996 | J17: 0.121 | K17: 15 | L17: 46232 | M17: =TEXT(L17,"aaa") -> 수
A18: 16 | C18: 외북천3 | D18: 포천시 영중면 영송리 두엄바이오 앞 (외북천 하류) | E18: 3.7 | G18: 0.9 | H18: 7.9 | I18: 9.146 | J18: 0.128 | K18: 18 | L18: 46232 | M18: =TEXT(L18,"aaa") -> 수
A19: 17 | B19: 7)수입천 | C19: 수입천 | D19: 포천시 일동면 사직리 1390-5(일이동처리장 입구) | E19: 2.14 | F19: 2.7 | G19: 1 | H19: 2.3 | I19: 6.82 | J19: 0.064 | K19: 10 | L19: 46232 | M19: =TEXT(L19,"aaa") -> 수
A20: 18 | B20: 8)신천 | C20: 신천1 | D20: 양주시 백석읍 오산리 137-2(신천-오산리_방성천 합류 전) | E20: 2.8 | G20: 1.8 | H20: 2.3 | I20: 3.111 | J20: 0.066 | K20: 9 | L20: 46230 | M20: =TEXT(L20,"aaa") -> 월
A21: 19 | C21: 신천5 | D21: 양주시 광적면 가납리 710(신천-우고천 합류 후) | E21: 3.3 | G21: 1.8 | H21: 5.7 | I21: 3.315 | J21: 0.11 | K21: 12 | L21: 46230 | M21: =TEXT(L21,"aaa") -> 월
A22: 20 | C22: 신천중류 | D22: 양주시 남면 상수리 104-39(입암천 합류 전) | E22: 4.2 | G22: 2.4 | H22: 7.1 | I22: 4.595 | J22: 0.102 | K22: 13 | L22: 46230 | M22: =TEXT(L22,"aaa") -> 월
A23: 21 | C23: 신천9 | D23: 양주시 은현면 운암리 60-15(은현교) | E23: 3.7 | G23: 1.9 | H23: 6.5 | I23: 4.822 | J23: 0.119 | K23: 11 | L23: 46230 | M23: =TEXT(L23,"aaa") -> 월
A24: 22 | C24: 용암교 | D24: 양주시 은현면 용암리 241-1(구 세월교) | E24: 2.9 | F24: 5.8 | G24: 0.9 | H24: 17.2 | I24: 4.13 | J24: 0.138 | K24: 15 | L24: 46230 | M24: =TEXT(L24,"aaa") -> 월
A25: 23 | C25: 신천11 | D25: 양주시 은현면 용암리 240-1(위생환경사업소앞) | E25: 3.5 | G25: 2.2 | H25: 8 | I25: 4.093 | J25: 0.102 | K25: 9 | L25: 46230 | M25: =TEXT(L25,"aaa") -> 월
A26: 24 | C26: 신천13 | D26: 동두천시 송내동 651-3(현대아이파크 앞) | E26: 3.9 | G26: 4.3 | H26: 9.7 | I26: 4.252 | J26: 0.087 | K26: 24 | L26: 46217 | M26: =TEXT(L26,"aaa") -> 화
A27: 25 | C27: 신천15 | D27: 동두천시 보산동 429-48 인근 진검다리 | E27: 5 | G27: 3.7 | H27: 7.2 | I27: 5.619 | J27: 0.118 | K27: 20 | L27: 46217 | M27: =TEXT(L27,"aaa") -> 화
A28: 26 | C28: 신천17 | D28: 동두천시 하봉암동 340-1 인근 | E28: 4.2 | G28: 3.4 | H28: 12 | I28: 4.93 | J28: 0.091 | K28: 16 | L28: 46217 | M28: =TEXT(L28,"aaa") -> 화
A29: 27 | C29: 신천17-2 | D29: 동두천시 하봉암동 327-1(하봉암교) | E29: 4.6 | G29: 4 | H29: 16.5 | I29: 5.418 | J29: 0.106 | K29: 19 | L29: 46217 | M29: =TEXT(L29,"aaa") -> 화
A30: 28 | C30: 신천18-1 | D30: 연천군 청산면 초성리 426, 초성교(시군경계) | E30: 4.09 | G30: 2.9 | H30: 4.1 | I30: 4.987 | J30: 0.084 | K30: 15 | L30: 46232 | M30: =TEXT(L30,"aaa") -> 수
A31: 29 | C31: 신천18 | D31: 연천군 청산면 초성리 142-5(신천교) | E31: 3.99 | G31: 2.1 | H31: 5.4 | I31: 5.039 | J31: 0.077 | K31: 17 | L31: 46232 | M31: =TEXT(L31,"aaa") -> 수
A32: 30 | C32: 신천20 | D32: 연천군 청산면 초성리 306-5(대전교) | E32: 3.85 | G32: 2.2 | H32: 3.2 | I32: 4.955 | J32: 0.074 | K32: 18 | L32: 46232 | M32: =TEXT(L32,"aaa") -> 수
A33: 31 | B33: 9)능안천 | C33: 능안천 | D33: 양주시 백석읍 방성리 205-12 | E33: 4.4 | G33: 1.9 | H33: 4.1 | I33: 4.032 | J33: 0.098 | K33: 18 | L33: 46230 | M33: =TEXT(L33,"aaa") -> 월
A34: 32 | B34: 10)효촌천 | C34: 효촌천 | D34: 양주시 남면 상수리 264 | E34: 6.1 | G34: 2.9 | H34: 9 | I34: 4.737 | J34: 0.121 | K34: 34 | L34: 46230 | M34: =TEXT(L34,"aaa") -> 월
A35: 33 | B35: 11)덕계천 | C35: 덕계천-하 | D35: 양주시 회정동 317-4 | E35: 3.2 | G35: 1.4 | H35: 5.6 | I35: 2.587 | J35: 0.023 | K35: 23 | L35: 46230 | M35: =TEXT(L35,"aaa") -> 월 | N35: 변경지점
A36: 34 | B36: 12)마개미천 | C36: 마개미천 | D36: 양주시 덕계동 169-17 | E36: 3.8 | G36: 1.2 | H36: 15.6 | I36: 3.144 | J36: 0.058 | K36: 5 | L36: 46230 | M36: =TEXT(L36,"aaa") -> 월 | N36: 신규지점
A37: 35 | B37: 13)회암천 | C37: 회암천_중 | D37: 양주시 옥정동로 율정초교 앞 | E37: 3.4 | G37: 1.2 | H37: 11.6 | I37: 5.666 | J37: 0.055 | K37: 8 | L37: 46230 | M37: =TEXT(L37,"aaa") -> 월
A38: 36 | B38: 14)청담천 | C38: 청담천 | D38: 양주시 고암동 211-1 | E38: 2.9 | G38: 1.3 | H38: 4.5 | I38: 2.894 | J38: 0.058 | K38: 8 | L38: 46230 | M38: =TEXT(L38,"aaa") -> 월
A39: 37 | B39: 15)상패천 | C39: 상패천 | D39: 동두천시 상패동 307-7 인근 (강변교 아래) (신천 합류 전) | E39: 3.9 | G39: 3.8 | H39: 10.3 | I39: 3.817 | J39: 0.114 | K39: 13 | L39: 46217 | M39: =TEXT(L39,"aaa") -> 화

Sheet 202606
A1: 2026년 6월 한탄강 수계 수질조사 결과
A2: 연번 | B2: 하천명 | C2: 시료번호 | D2: 주 소 | E2: TOC | F2: COD | G2: BOD | H2: SS | I2: T-N | J2: T-P | K2: 색도 | L2: 시료채취일 | M2: 요일
A3: 1 | B3: 1)한탄강 | C3: 한탄강1 | D3: 포천시 창수면 운산리 영로교 아래 | E3: 2.9 | F3: 5.6 | G3: 2.3 | H3: 9.6 | I3: 1.671 | J3: 0.083 | K3: 40 | L3: 46182 | M3: =TEXT(L3,"aaa") -> 화
A4: 2 | C4: 한탄강 연1 | D4: 연천군 전곡읍 신답리 1(영평천 합류전) | E4: 2.8 | G4: 1.7 | H4: 13.4 | I4: 2.109 | J4: 0.049 | K4: 41 | L4: 46182 | M4: =TEXT(L4,"aaa") -> 화
A5: 3 | C5: 한탄강 연2 | D5: 연천군 청산면 궁평리 561-1(영평천 합류후) | E5: 2.9 | G5: 1.3 | H5: 12.2 | I5: 2.025 | J5: 0.032 | K5: 41 | L5: 46182 | M5: =TEXT(L5,"aaa") -> 화
A6: 4 | C6: 한탄강 연4 | D6: 연천군 전곡읍 전곡리 681-2(세월교)_색도 목표지점 | E6: 3.5 | G6: 2.1 | H6: 11.8 | I6: 1.995 | J6: 0.048 | K6: 48 | L6: 46182 | M6: =TEXT(L6,"aaa") -> 화
A7: 5 | B7: 2)포천천 | C7: 포천천1 | D7: 포천시 소흘읍 무봉리 이동교리교 (포천천 상류,부인터사거리 뒤) | E7: 3.6 | G7: 3.4 | H7: 9.4 | I7: 1.489 | J7: 0.032 | K7: 44 | L7: 46182 | M7: =TEXT(L7,"aaa") -> 화
A8: 6 | C8: 포천천2 | D8: 포천시 신읍동 한내교 아래(실제 가스충전소 뒤 / 중류) | E8: 3.6 | F8: 5.6 | G8: 3 | H8: 9.6 | I8: 1.685 | J8: 0.083 | K8: 38 | L8: 46182 | M8: =TEXT(L8,"aaa") -> 화
A9: 7 | C9: 포천천3 | D9: 포천시 영중면 거사3리 농본교(포천천 하류) | E9: 3.7 | G9: 2.4 | H9: 10.4 | I9: 1.678 | J9: 0.072 | K9: 40 | L9: 46182 | M9: =TEXT(L9,"aaa") -> 화
A10: 8 | B10: 3)금현천 | C10: 금현천 | D10: 포천시 가산면 마산리 금현천교 아래(세창아파트 뒤) | E10: 3.5 | G10: 3.5 | H10: 1.2 | I10: 3.858 | J10: 0.034 | K10: 58 | L10: 46182 | M10: =TEXT(L10,"aaa") -> 화
A11: 9 | B11: 4)송우천 | C11: 송우천 | D11: 포천시 송우리 641-92(송우교 아래) | E11: 3.6 | G11: 2 | H11: 0.8 | I11: 3.733 | J11: 0.035 | K11: 44 | L11: 46182 | M11: =TEXT(L11,"aaa") -> 화
A12: 10 | B12: 5)영평천 | C12: 영평천1 | D12: 포천시 이동면 노곡리 낭유대교 아래(영평천 상류) | E12: 1.9 | F12: 3.7 | G12: 1.1 | H12: 5.3 | I12: 5.03 | J12: 0.081 | K12: 23 | L12: 46182 | M12: =TEXT(L12,"aaa") -> 화
A13: 11 | C13: 영평천2 | D13: 포천시 영중면 성동리 와룡교 아래(수입천 합류 후) | E13: 1.9 | G13: 2.1 | H13: 10 | I13: 5.068 | J13: 0.083 | K13: 26 | L13: 46182 | M13: =TEXT(L13,"aaa") -> 화
A14: 12 | C14: 영평천3 | D14: 포천시 영중면 영송리 영평교 아래(포천천 합류 후) | E14: 2.1 | G14: 1.1 | H14: 5.1 | I14: 4.403 | J14: 0.04 | K14: 35 | L14: 46182 | M14: =TEXT(L14,"aaa") -> 화
A15: 13 | C15: 영평천4 | D15: 포천시 창수면 오가리 오가교 아래(외북천 합류 후) | E15: 2.1 | G15: 1.1 | H15: 6.6 | I15: 4.189 | J15: 0.035 | K15: 39 | L15: 46182 | M15: =TEXT(L15,"aaa") -> 화
A16: 14 | C16: 영평천5 | D16: 포천시 창수면 고소성리 백의교(포천-연천 경계 / 영평천 하류) | E16: 2.1 | G16: 1.9 | H16: 5.7 | I16: 4.19 | J16: 0.03 | K16: 32 | L16: 46182 | M16: =TEXT(L16,"aaa") -> 화
A17: 15 | B17: 6)외북천 | C17: 외북천2 | D17: 포천시 영중면 영송리 통일교 아래(외북천 중류) | E17: 4.9 | G17: 4 | H17: 6.1 | I17: 17.018 | J17: 0.08 | K17: 76 | L17: 46182 | M17: =TEXT(L17,"aaa") -> 화
A18: 16 | C18: 외북천3 | D18: 포천시 영중면 영송리 두엄바이오 앞 (외북천 하류) | E18: 4.7 | G18: 5.1 | H18: 22.8 | I18: 16.22 | J18: 0.085 | K18: 85 | L18: 46182 | M18: =TEXT(L18,"aaa") -> 화
A19: 17 | B19: 7)수입천 | C19: 수입천 | D19: 포천시 일동면 사직리 1390-5(일이동처리장 입구) | E19: 1.9 | F19: 3.8 | G19: 1.9 | H19: 17.9 | I19: 5.129 | J19: 0.088 | K19: 28 | L19: 46182 | M19: =TEXT(L19,"aaa") -> 화
A20: 18 | B20: 8)신천 | C20: 신천1 | D20: 양주시 백석읍 오산리 137-2(신천-오산리_방성천 합류 전) | E20: 3.4 | G20: 3.6 | H20: 4.6 | I20: 1.013 | J20: 0.089 | K20: 48 | L20: 46185 | M20: =TEXT(L20,"aaa") -> 금
A21: 19 | C21: 신천5 | D21: 양주시 광적면 가납리 710(신천-우고천 합류 후) | E21: 4 | G21: 4.5 | H21: 10.6 | I21: 17.856 | J21: 0.213 | K21: 42 | L21: 46185 | M21: =TEXT(L21,"aaa") -> 금
A22: 20 | C22: 신천중류 | D22: 양주시 남면 상수리 104-39(입암천 합류 전) | E22: 4.2 | G22: 3.9 | H22: 13.2 | I22: 4.053 | J22: 0.075 | K22: 44 | L22: 46185 | M22: =TEXT(L22,"aaa") -> 금
A23: 21 | C23: 신천9 | D23: 양주시 은현면 운암리 60-15(은현교) | E23: 4.5 | G23: 4.8 | H23: 12 | I23: 4.916 | J23: 0.079 | K23: 47 | L23: 46185 | M23: =TEXT(L23,"aaa") -> 금
A24: 22 | C24: 용암교 | D24: 양주시 은현면 용암리 241-1(구 세월교) | E24: 3.5 | F24: 6.8 | G24: 3.8 | H24: 15.8 | I24: 1.549 | J24: 0.01 | K24: 48 | L24: 46185 | M24: =TEXT(L24,"aaa") -> 금
A25: 23 | C25: 신천11 | D25: 양주시 은현면 용암리 240-1(위생환경사업소앞) | E25: 3.7 | G25: 3.4 | H25: 18.2 | I25: 3.116 | J25: 0.039 | K25: 37 | L25: 46185 | M25: =TEXT(L25,"aaa") -> 금
A26: 24 | C26: 신천13 | D26: 동두천시 송내동 651-3(현대아이파크 앞) | E26: 3.3 | G26: 4.4 | H26: 15.8 | I26: 4.766 | J26: 0.076 | K26: 35 | L26: 46183 | M26: =TEXT(L26,"aaa") -> 수
A27: 25 | C27: 신천15 | D27: 동두천시 보산동 429-48 인근 진검다리 | E27: 3.9 | G27: 4.5 | H27: 14.4 | I27: 6.28 | J27: 0.062 | K27: 55 | L27: 46183 | M27: =TEXT(L27,"aaa") -> 수
A28: 26 | C28: 신천17 | D28: 동두천시 하봉암동 340-1 인근 | E28: 4.2 | G28: 5.7 | H28: 35.8 | I28: 6.38 | J28: 0.085 | K28: 61 | L28: 46183 | M28: =TEXT(L28,"aaa") -> 수
A29: 27 | C29: 신천17-2 | D29: 동두천시 하봉암동 327-1(하봉암교) | E29: 5.1 | G29: 4.6 | H29: 15.2 | I29: 6.842 | J29: 0.102 | K29: 91 | L29: 46183 | M29: =TEXT(L29,"aaa") -> 수
A30: 28 | C30: 신천18-1 | D30: 연천군 청산면 초성리 426, 초성교(시군경계) | E30: 4.9 | G30: 1.2 | H30: 14.2 | I30: 7.473 | J30: 0.089 | K30: 65 | L30: 46182 | M30: =TEXT(L30,"aaa") -> 화
A31: 29 | C31: 신천18 | D31: 연천군 청산면 초성리 142-5(신천교) | E31: 4.8 | G31: 1.8 | H31: 15.4 | I31: 7.017 | J31: 0.091 | K31: 64 | L31: 46182 | M31: =TEXT(L31,"aaa") -> 화
A32: 30 | C32: 신천20 | D32: 연천군 청산면 초성리 306-5(대전교) | E32: 4.4 | G32: 1.5 | H32: 14.6 | I32: 5.755 | J32: 0.064 | K32: 64 | L32: 46182 | M32: =TEXT(L32,"aaa") -> 화
A33: 31 | B33: 9)능안천 | C33: 능안천 | D33: 양주시 백석읍 방성리 205-12 | E33: 4.6 | G33: 4.7 | H33: 9.8 | I33: 49.401 | J33: 0.032 | K33: 39 | L33: 46185 | M33: =TEXT(L33,"aaa") -> 금
A34: 32 | B34: 10)효촌천 | C34: 효촌천 | D34: 양주시 남면 상수리 264 | E34: 5 | G34: 5.2 | H34: 11.6 | I34: 2.378 | J34: 0.071 | K34: 41 | L34: 46185 | M34: =TEXT(L34,"aaa") -> 금
A35: 33 | B35: 11)덕계천 | C35: 덕계천-하 | D35: 양주시 회정동 317-4 | E35: 2 | G35: 2 | H35: 6.8 | I35: 1.385 | J35: 0.027 | K35: 26 | L35: 46185 | M35: =TEXT(L35,"aaa") -> 금 | N35: 변경지점
A36: 34 | B36: 12)마개미천 | C36: 마개미천 | D36: 양주시 덕계동 169-17 | E36: 2 | G36: 1.4 | H36: 2.9 | I36: 1.035 | J36: 0.025 | K36: 38 | L36: 46185 | M36: =TEXT(L36,"aaa") -> 금 | N36: 신규지점
A37: 35 | B37: 13)회암천 | C37: 회암천_중 | D37: 양주시 옥정동로 율정초교 앞 | E37: 3.4 | G37: 3.5 | H37: 14.4 | I37: 10.134 | J37: 0.077 | K37: 33 | L37: 46185 | M37: =TEXT(L37,"aaa") -> 금
A38: 36 | B38: 14)청담천 | C38: 청담천 | D38: 양주시 고암동 211-1 | E38: 3.6 | G38: 2.2 | H38: 9.3 | I38: 3.045 | J38: 0.05 | K38: 36 | L38: 46185 | M38: =TEXT(L38,"aaa") -> 금
A39: 37 | B39: 15)상패천 | C39: 상패천 | D39: 동두천시 상패동 307-7 인근 (강변교 아래) (신천 합류 전) | E39: 5.3 | G39: 5.6 | H39: 12.8 | I39: 0.678 | J39: 0.069 | K39: 29 | L39: 46183 | M39: =TEXT(L39,"aaa") -> 수

Sheet 202605
A1: 2026년 5월 한탄강 수계 수질조사 결과
A2: 연번 | B2: 하천명 | C2: 시료번호 | D2: 주 소 | E2: TOC | F2: COD | G2: BOD | H2: SS | I2: T-N | J2: T-P | K2: 색도 | L2: 시료채취일 | M2: 요일
A3: 1 | B3: 1)한탄강 | C3: 한탄강1 | D3: 포천시 창수면 운산리 영로교 아래 | E3: 1.9 | F3: 3.7 | G3: 0.7 | H3: 17.5 | I3: 5.179 | J3: 0.109 | K3: 14 | L3: 46161 | M3: =TEXT(L3,"aaa") -> 화
A4: 2 | C4: 한탄강 연1 | D4: 연천군 전곡읍 신답리 1(영평천 합류전) | E4: 2.9 | G4: 2.3 | H4: 10.5 | I4: 2.592 | J4: 0.031 | K4: 19 | L4: 46148 | M4: =TEXT(L4,"aaa") -> 수
A5: 3 | C5: 한탄강 연2 | D5: 연천군 청산면 궁평리 561-1(영평천 합류후) | E5: 3 | G5: 2.4 | H5: 19.1 | I5: 3.007 | J5: 0.037 | K5: 22 | L5: 46148 | M5: =TEXT(L5,"aaa") -> 수
A6: 4 | C6: 한탄강 연4 | D6: 연천군 전곡읍 전곡리 681-2(세월교)_색도 목표지점 | E6: 3.2 | G6: 3.3 | H6: 12.9 | I6: 2.917 | J6: 0.041 | K6: 24 | L6: 46148 | M6: =TEXT(L6,"aaa") -> 수
A7: 5 | B7: 2)포천천 | C7: 포천천1 | D7: 포천시 소흘읍 무봉리 이동교리교 (포천천 상류,부인터사거리 뒤) | E7: 3.5 | G7: 1.2 | H7: 12.6 | I7: 1.93 | J7: 0.138 | K7: 44 | L7: 46161 | M7: =TEXT(L7,"aaa") -> 화
A8: 6 | C8: 포천천2 | D8: 포천시 신읍동 한내교 아래(실제 가스충전소 뒤 / 중류) | E8: 3.8 | F8: 7.3 | G8: 3 | H8: 16 | I8: 1.807 | J8: 0.139 | K8: 47 | L8: 46161 | M8: =TEXT(L8,"aaa") -> 화
A9: 7 | C9: 포천천3 | D9: 포천시 영중면 거사3리 농본교(포천천 하류) | E9: 4 | G9: 2.8 | H9: 13 | I9: 1.941 | J9: 0.15 | K9: 42 | L9: 46161 | M9: =TEXT(L9,"aaa") -> 화
A10: 8 | B10: 3)금현천 | C10: 금현천 | D10: 포천시 가산면 마산리 금현천교 아래(세창아파트 뒤) | E10: 3.3 | G10: 2.2 | H10: 1.8 | I10: 4.937 | J10: 0.04 | K10: 53 | L10: 46161 | M10: =TEXT(L10,"aaa") -> 화
A11: 9 | B11: 4)송우천 | C11: 송우천 | D11: 포천시 송우리 641-92(송우교 아래) | E11: 3.3 | G11: 1.2 | H11: 2.5 | I11: 4.996 | J11: 0.04 | K11: 42 | L11: 46161 | M11: =TEXT(L11,"aaa") -> 화
A12: 10 | B12: 5)영평천 | C12: 영평천1 | D12: 포천시 이동면 노곡리 낭유대교 아래(영평천 상류) | E12: 2.3 | F12: 4.3 | G12: 2.9 | H12: 5.9 | I12: 3.931 | J12: 0.038 | K12: 31 | L12: 46161 | M12: =TEXT(L12,"aaa") -> 화
A13: 11 | C13: 영평천2 | D13: 포천시 영중면 성동리 와룡교 아래(수입천 합류 후) | E13: 2.2 | G13: 0.8 | H13: 5.3 | I13: 4.14 | J13: 0.041 | K13: 24 | L13: 46161 | M13: =TEXT(L13,"aaa") -> 화
A14: 12 | C14: 영평천3 | D14: 포천시 영중면 영송리 영평교 아래(포천천 합류 후) | E14: 2.1 | G14: 1.4 | H14: 6.4 | I14: 4.031 | J14: 0.04 | K14: 33 | L14: 46161 | M14: =TEXT(L14,"aaa") -> 화
A15: 13 | C15: 영평천4 | D15: 포천시 창수면 오가리 오가교 아래(외북천 합류 후) | E15: 2.3 | G15: 0.9 | H15: 7.5 | I15: 3.933 | J15: 0.04 | K15: 30 | L15: 46161 | M15: =TEXT(L15,"aaa") -> 화
A16: 14 | C16: 영평천5 | D16: 포천시 창수면 고소성리 백의교(포천-연천 경계 / 영평천 하류) | E16: 1.9 | G16: 0.5 | H16: 14.3 | I16: 5.043 | J16: 0.102 | K16: 18 | L16: 46161 | M16: =TEXT(L16,"aaa") -> 화
A17: 15 | B17: 6)외북천 | C17: 외북천2 | D17: 포천시 영중면 영송리 통일교 아래(외북천 중류) | E17: 4.9 | G17: 5.1 | H17: 7.9 | I17: 25.6 | J17: 0.057 | K17: 80 | L17: 46161 | M17: =TEXT(L17,"aaa") -> 화
A18: 16 | C18: 외북천3 | D18: 포천시 영중면 영송리 두엄바이오 앞 (외북천 하류) | E18: 5.2 | G18: 5.8 | H18: 6.7 | I18: 26.038 | J18: 0.06 | K18: 82 | L18: 46161 | M18: =TEXT(L18,"aaa") -> 화
A19: 17 | B19: 7)수입천 | C19: 수입천 | D19: 포천시 일동면 사직리 1390-5(일이동처리장 입구) | E19: 1.8 | F19: 3.5 | G19: 0.6 | H19: 7.9 | I19: 4.933 | J19: 0.098 | K19: 13 | L19: 46161 | M19: =TEXT(L19,"aaa") -> 화
A20: 18 | B20: 8)신천 | C20: 신천1 | D20: 양주시 백석읍 오산리 137-2(신천-오산리_방성천 합류 전) | E20: 4 | G20: 3.6 | H20: 20.2 | I20: 2.911 | J20: 0.11 | K20: 33 | L20: 46156 | M20: =TEXT(L20,"aaa") -> 목
A21: 19 | C21: 신천5 | D21: 양주시 광적면 가납리 710(신천-우고천 합류 후) | E21: 4.6 | G21: 4.8 | H21: 12.2 | I21: 21.18 | J21: 0.2 | K21: 30 | L21: 46156 | M21: =TEXT(L21,"aaa") -> 목
A22: 20 | C22: 신천중류 | D22: 양주시 남면 상수리 104-39(입암천 합류 전) | E22: 6.8 | G22: 8 | H22: 18.8 | I22: 6.278 | J22: 0.106 | K22: 34 | L22: 46156 | M22: =TEXT(L22,"aaa") -> 목
A23: 21 | C23: 신천9 | D23: 양주시 은현면 운암리 60-15(은현교) | E23: 5.9 | G23: 6 | H23: 38 | I23: 6.173 | J23: 0.021 | K23: 164 | L23: 46156 | M23: =TEXT(L23,"aaa") -> 목
A24: 22 | C24: 용암교 | D24: 양주시 은현면 용암리 241-1(구 세월교) | E24: 6.7 | F24: 10.1 | G24: 4.7 | H24: 14.6 | I24: 4.89 | J24: 0.073 | K24: 41 | L24: 46156 | M24: =TEXT(L24,"aaa") -> 목
A25: 23 | C25: 신천11 | D25: 양주시 은현면 용암리 240-1(위생환경사업소앞) | E25: 6.1 | G25: 6.2 | H25: 11.2 | I25: 5.289 | J25: 0.06 | K25: 33 | L25: 46156 | M25: =TEXT(L25,"aaa") -> 목
A26: 24 | C26: 신천13 | D26: 동두천시 송내동 651-3(현대아이파크 앞) | E26: 5.5 | G26: 6.1 | H26: 28.8 | I26: 4.898 | J26: 0.128 | K26: 52 | L26: 46149 | M26: =TEXT(L26,"aaa") -> 목
A27: 25 | C27: 신천15 | D27: 동두천시 보산동 429-48 인근 진검다리 | E27: 6.4 | G27: 2.7 | H27: 22.8 | I27: 8.268 | J27: 0.194 | K27: 44 | L27: 46149 | M27: =TEXT(L27,"aaa") -> 목
A28: 26 | C28: 신천17 | D28: 동두천시 하봉암동 340-1 인근 | E28: 7.1 | G28: 3.9 | H28: 5.8 | I28: 6.644 | J28: 0.213 | K28: 122 | L28: 46149 | M28: =TEXT(L28,"aaa") -> 목
A29: 27 | C29: 신천17-2 | D29: 동두천시 하봉암동 327-1(하봉암교) | E29: 6.1 | G29: 4.7 | H29: 18 | I29: 7.214 | J29: 0.184 | K29: 59 | L29: 46149 | M29: =TEXT(L29,"aaa") -> 목
A30: 28 | C30: 신천18-1 | D30: 연천군 청산면 초성리 426, 초성교(시군경계) | E30: 5.9 | G30: 6 | H30: 16.8 | I30: 8.387 | J30: 0.107 | K30: 59 | L30: 46148 | M30: =TEXT(L30,"aaa") -> 수
A31: 29 | C31: 신천18 | D31: 연천군 청산면 초성리 142-5(신천교) | E31: 5.6 | G31: 4.8 | H31: 15.8 | I31: 7.688 | J31: 0.099 | K31: 37 | L31: 46148 | M31: =TEXT(L31,"aaa") -> 수
A32: 30 | C32: 신천20 | D32: 연천군 청산면 초성리 306-5(대전교) | E32: 5.4 | G32: 4.4 | H32: 13 | I32: 6.682 | J32: 0.077 | K32: 37 | L32: 46148 | M32: =TEXT(L32,"aaa") -> 수
A33: 31 | B33: 9)능안천 | C33: 능안천 | D33: 양주시 백석읍 방성리 205-12 | E33: 11 | G33: 6.1 | H33: 10.2 | I33: 112.056 | J33: 0.124 | K33: 47 | L33: 46156 | M33: =TEXT(L33,"aaa") -> 목
A34: 32 | B34: 10)효촌천 | C34: 효촌천 | D34: 양주시 남면 상수리 264 | E34: 13 | G34: 8.1 | H34: 31.6 | I34: 6.255 | J34: 0.086 | K34: 32 | L34: 46156 | M34: =TEXT(L34,"aaa") -> 목
A35: 33 | B35: 11)덕계천 | C35: 덕계천-하 | D35: 양주시 회정동 317-4 | E35: 2.7 | G35: 2.8 | H35: 2.4 | I35: 1.833 | J35: 0.049 | K35: 23 | L35: 46156 | M35: =TEXT(L35,"aaa") -> 목 | N35: 변경지점
A36: 34 | B36: 12)마개미천 | C36: 마개미천 | D36: 양주시 덕계동 169-17 | E36: 5.8 | G36: 5.5 | H36: 7 | I36: 2.286 | J36: 0.034 | K36: 29 | L36: 46156 | M36: =TEXT(L36,"aaa") -> 목 | N36: 신규지점
A37: 35 | B37: 13)회암천 | C37: 회암천_중 | D37: 양주시 옥정동로 율정초교 앞 | E37: 4.8 | G37: 5.2 | H37: 24.8 | I37: 10.832 | J37: 0.106 | K37: 42 | L37: 46156 | M37: =TEXT(L37,"aaa") -> 목
A38: 36 | B38: 14)청담천 | C38: 청담천 | D38: 양주시 고암동 211-1 | E38: 3.6 | G38: 3.8 | H38: 17 | I38: 2.36 | J38: 0.044 | K38: 14 | L38: 46156 | M38: =TEXT(L38,"aaa") -> 목
A39: 37 | B39: 15)상패천 | C39: 상패천 | D39: 동두천시 상패동 307-7 인근 (강변교 아래) (신천 합류 전) | E39: 20.1 | G39: 24.2 | H39: 15.6 | I39: 8.003 | J39: 0.186 | K39: 33 | L39: 46149 | M39: =TEXT(L39,"aaa") -> 목

Sheet 202604
A1: 2026년 4월 한탄강 수계 수질조사 결과
A2: 연번 | B2: 하천명 | C2: 시료번호 | D2: 주 소 | E2: TOC | F2: COD | G2: BOD | H2: SS | I2: T-N | J2: T-P | K2: 색도 | L2: 시료채취일 | M2: 요일
A3: 1 | B3: 1)한탄강 | C3: 한탄강1 | D3: 포천시 창수면 운산리 영로교 아래 | E3: 1.8 | F3: 3.5 | G3: 0.5 | H3: 3.9 | I3: 3.698 | J3: 0.031 | K3: 12 | L3: 46126 | M3: =TEXT(L3,"aaa") -> 화
A4: 2 | C4: 한탄강 연1 | D4: 연천군 전곡읍 신답리 1(영평천 합류전) | E4: 2.8 | G4: 2 | H4: 7 | I4: 2.271 | J4: 0.046 | K4: 18 | L4: 46120 | M4: =TEXT(L4,"aaa") -> 수
A5: 3 | C5: 한탄강 연2 | D5: 연천군 청산면 궁평리 561-1(영평천 합류후) | E5: 3.1 | G5: 2.1 | H5: 8 | I5: 2.953 | J5: 0.051 | K5: 20 | L5: 46120 | M5: =TEXT(L5,"aaa") -> 수
A6: 4 | C6: 한탄강 연4 | D6: 연천군 전곡읍 전곡리 681-2(세월교)_색도 목표지점 | E6: 5 | G6: 3.1 | H6: 8.8 | I6: 4.436 | J6: 0.064 | K6: 26 | L6: 46120 | M6: =TEXT(L6,"aaa") -> 수
A7: 5 | B7: 2)포천천 | C7: 포천천1 | D7: 포천시 소흘읍 무봉리 이동교리교 (포천천 상류,부인터사거리 뒤) | E7: 2.3 | G7: 0.8 | H7: 1.9 | I7: 1.342 | J7: 0.039 | K7: 15 | L7: 46126 | M7: =TEXT(L7,"aaa") -> 화
A8: 6 | C8: 포천천2 | D8: 포천시 신읍동 한내교 아래(실제 가스충전소 뒤 / 중류) | E8: 2.4 | F8: 4.8 | G8: 0.7 | H8: 2.4 | I8: 1.317 | J8: 0.04 | K8: 11 | L8: 46126 | M8: =TEXT(L8,"aaa") -> 화
A9: 7 | C9: 포천천3 | D9: 포천시 영중면 거사3리 농본교(포천천 하류) | E9: 5 | G9: 1.8 | H9: 1.9 | I9: 5.225 | J9: 0.068 | K9: 35 | L9: 46126 | M9: =TEXT(L9,"aaa") -> 화
A10: 8 | B10: 3)금현천 | C10: 금현천 | D10: 포천시 가산면 마산리 금현천교 아래(세창아파트 뒤) | E10: 4.5 | G10: 1.2 | H10: 1.3 | I10: 5.35 | J10: 0.253 | K10: 34 | L10: 46126 | M10: =TEXT(L10,"aaa") -> 화
A11: 9 | B11: 4)송우천 | C11: 송우천 | D11: 포천시 송우리 641-92(송우교 아래) | E11: 4.5 | G11: 1.5 | H11: 1.5 | I11: 5.335 | J11: 0.253 | K11: 33 | L11: 46126 | M11: =TEXT(L11,"aaa") -> 화
A12: 10 | B12: 5)영평천 | C12: 영평천1 | D12: 포천시 이동면 노곡리 낭유대교 아래(영평천 상류) | E12: 2 | F12: 3.9 | G12: 0.6 | H12: 1 | I12: 3.727 | J12: 0.039 | K12: 12 | L12: 46126 | M12: =TEXT(L12,"aaa") -> 화
A13: 11 | C13: 영평천2 | D13: 포천시 영중면 성동리 와룡교 아래(수입천 합류 후) | E13: 1.7 | G13: 0.5 | H13: 1.2 | I13: 3.785 | J13: 0.033 | K13: 13 | L13: 46126 | M13: =TEXT(L13,"aaa") -> 화
A14: 12 | C14: 영평천3 | D14: 포천시 영중면 영송리 영평교 아래(포천천 합류 후) | E14: 2.2 | G14: 0.5 | H14: 0.9 | I14: 3.739 | J14: 0.034 | K14: 15 | L14: 46126 | M14: =TEXT(L14,"aaa") -> 화
A15: 13 | C15: 영평천4 | D15: 포천시 창수면 오가리 오가교 아래(외북천 합류 후) | E15: 2.2 | G15: 0.7 | H15: 1.1 | I15: 3.698 | J15: 0.035 | K15: 12 | L15: 46126 | M15: =TEXT(L15,"aaa") -> 화
A16: 14 | C16: 영평천5 | D16: 포천시 창수면 고소성리 백의교(포천-연천 경계 / 영평천 하류) | E16: 2.2 | G16: 0.6 | H16: 0.8 | I16: 3.702 | J16: 0.036 | K16: 10 | L16: 46126 | M16: =TEXT(L16,"aaa") -> 화
A17: 15 | B17: 6)외북천 | C17: 외북천2 | D17: 포천시 영중면 영송리 통일교 아래(외북천 중류) | E17: 4 | G17: 2.3 | H17: 1.5 | I17: 14.988 | J17: 0.069 | K17: 31 | L17: 46126 | M17: =TEXT(L17,"aaa") -> 화
A18: 16 | C18: 외북천3 | D18: 포천시 영중면 영송리 두엄바이오 앞 (외북천 하류) | E18: 4 | G18: 2.3 | H18: 1.9 | I18: 14.773 | J18: 0.067 | K18: 32 | L18: 46126 | M18: =TEXT(L18,"aaa") -> 화
A19: 17 | B19: 7)수입천 | C19: 수입천 | D19: 포천시 일동면 사직리 1390-5(일이동처리장 입구) | E19: 5 | F19: 9.4 | G19: 2.1 | H19: 1.6 | I19: 5.061 | J19: 0.068 | K19: 34 | L19: 46126 | M19: =TEXT(L19,"aaa") -> 화
A20: 18 | B20: 8)신천 | C20: 신천1 | D20: 양주시 백석읍 오산리 137-2(신천-오산리_방성천 합류 전) | E20: 2.3 | G20: 1.9 | H20: 14.4 | I20: 6.732 | J20: 0.08 | K20: 6 | L20: 46120 | M20: =TEXT(L20,"aaa") -> 수
A21: 19 | C21: 신천5 | D21: 양주시 광적면 가납리 710(신천-우고천 합류 후) | E21: 3.2 | G21: 3.1 | H21: 6.9 | I21: 10.423 | J21: 0.13 | K21: 8 | L21: 46120 | M21: =TEXT(L21,"aaa") -> 수
A22: 20 | C22: 신천중류 | D22: 양주시 남면 상수리 104-39(입암천 합류 전) | E22: 7.5 | G22: 5.7 | H22: 20 | I22: 7.094 | J22: 0.127 | K22: 22 | L22: 46120 | M22: =TEXT(L22,"aaa") -> 수
A23: 21 | C23: 신천9 | D23: 양주시 은현면 운암리 60-15(은현교) | E23: 7.3 | G23: 3.2 | H23: 10.4 | I23: 7.276 | J23: 0.128 | K23: 25 | L23: 46120 | M23: =TEXT(L23,"aaa") -> 수
A24: 22 | C24: 용암교 | D24: 양주시 은현면 용암리 241-1(구 세월교) | E24: 4.9 | F24: 9.8 | G24: 4.7 | H24: 22.4 | I24: 6.321 | J24: 0.107 | K24: 41 | L24: 46120 | M24: =TEXT(L24,"aaa") -> 수
A25: 23 | C25: 신천11 | D25: 양주시 은현면 용암리 240-1(위생환경사업소앞) | E25: 7.9 | G25: 4 | H25: 20.4 | I25: 6.302 | J25: 0.106 | K25: 57 | L25: 46120 | M25: =TEXT(L25,"aaa") -> 수
A26: 24 | C26: 신천13 | D26: 동두천시 송내동 651-3(현대아이파크 앞) | E26: 5.6 | G26: 4.9 | H26: 7.2 | I26: 6.359 | J26: 0.08 | K26: 20 | L26: 46120 | M26: =TEXT(L26,"aaa") -> 수
A27: 25 | C27: 신천15 | D27: 동두천시 보산동 429-48 인근 진검다리 | E27: 8.1 | G27: 6.8 | H27: 8.8 | I27: 9.285 | J27: 0.104 | K27: 38 | L27: 46120 | M27: =TEXT(L27,"aaa") -> 수
A28: 26 | C28: 신천17 | D28: 동두천시 하봉암동 340-1 인근 | E28: 10.2 | G28: 2.8 | H28: 10 | I28: 8.106 | J28: 0.149 | K28: 130 | L28: 46120 | M28: =TEXT(L28,"aaa") -> 수
A29: 27 | C29: 신천17-2 | D29: 동두천시 하봉암동 327-1(하봉암교) | E29: 9.7 | G29: 2.5 | H29: 11.6 | I29: 8.811 | J29: 0.108 | K29: 83 | L29: 46120 | M29: =TEXT(L29,"aaa") -> 수
A30: 28 | C30: 신천18-1 | D30: 연천군 청산면 초성리 426, 초성교(시군경계) | E30: 7.8 | G30: 9.6 | H30: 12 | I30: 10.175 | J30: 0.091 | K30: 59 | L30: 46120 | M30: =TEXT(L30,"aaa") -> 수
A31: 29 | C31: 신천18 | D31: 연천군 청산면 초성리 142-5(신천교) | E31: 7.5 | G31: 4.6 | H31: 11.2 | I31: 9.639 | J31: 0.104 | K31: 56 | L31: 46120 | M31: =TEXT(L31,"aaa") -> 수
A32: 30 | C32: 신천20 | D32: 연천군 청산면 초성리 306-5(대전교) | E32: 7.3 | G32: 3 | H32: 8.4 | I32: 8.133 | J32: 0.079 | K32: 54 | L32: 46120 | M32: =TEXT(L32,"aaa") -> 수
A33: 31 | B33: 9)능안천 | C33: 능안천 | D33: 양주시 백석읍 방성리 205-12 | E33: 22.2 | G33: 4.2 | H33: 6.2 | I33: 152.947 | J33: 0.201 | K33: 72 | L33: 46120 | M33: =TEXT(L33,"aaa") -> 수
A34: 32 | B34: 10)효촌천 | C34: 효촌천 | D34: 양주시 남면 상수리 264 | E34: 15.3 | G34: 4.1 | H34: 5.6 | I34: 5.04 | J34: 0.221 | K34: 39 | L34: 46120 | M34: =TEXT(L34,"aaa") -> 수
A35: 33 | B35: 11)덕계천 | C35: 덕계천-하 | D35: 양주시 회정동 317-4 | E35: 19.3 | G35: 2.7 | H35: 9.1 | I35: 1.723 | J35: 0.028 | K35: 19 | L35: 46120 | M35: =TEXT(L35,"aaa") -> 수 | N35: 변경지점
A36: 34 | B36: 12)마개미천 | C36: 마개미천 | D36: 양주시 덕계동 169-17 | E36: 8.4 | G36: 5.7 | H36: 7.6 | I36: 3.336 | J36: 0.094 | K36: 7 | L36: 46120 | M36: =TEXT(L36,"aaa") -> 수 | N36: 신규지점
A37: 35 | B37: 13)회암천 | C37: 회암천_중 | D37: 양주시 옥정동로 율정초교 앞 | E37: 5.4 | G37: 2.1 | H37: 15.5 | I37: 10.973 | J37: 0.051 | K37: 40 | L37: 46120 | M37: =TEXT(L37,"aaa") -> 수
A38: 36 | B38: 14)청담천 | C38: 청담천 | D38: 양주시 고암동 211-1 | E38: 2.9 | G38: 1.4 | H38: 124.8 | I38: 3.023 | J38: 0.139 | K38: 16 | L38: 46120 | M38: =TEXT(L38,"aaa") -> 수
A39: 37 | B39: 15)상패천 | C39: 상패천 | D39: 동두천시 상패동 307-7 인근 (강변교 아래) (신천 합류 전) | E39: 7.4 | G39: 9.2 | H39: 10.2 | I39: 4.033 | J39: 0.196 | K39: 24 | L39: 46120 | M39: =TEXT(L39,"aaa") -> 수

Sheet 202603
A1: 2026년 3월 한탄강 수계 수질조사 결과
A2: 연번 | B2: 하천명 | C2: 시료번호 | D2: 주 소 | E2: TOC | F2: COD | G2: BOD | H2: SS | I2: T-N | J2: T-P | K2: 색도 | L2: 시료채취일 | M2: 요일
A3: 1 | B3: 1)한탄강 | C3: 한탄강1 | D3: 포천시 창수면 운산리 영로교 아래 | E3: 3.8 | F3: 5.1 | G3: 2.8 | H3: 2.4 | I3: 6.015 | J3: 0.036 | K3: 20 | L3: 46105 | M3: =TEXT(L3,"aaa") -> 화
A4: 2 | C4: 한탄강 연1 | D4: 연천군 전곡읍 신답리 1(영평천 합류전) | E4: 2.1 | G4: 1.8 | H4: 2.9 | I4: 2.253 | J4: 0.018 | K4: 8 | L4: 46092 | M4: =TEXT(L4,"aaa") -> 수
A5: 3 | C5: 한탄강 연2 | D5: 연천군 청산면 궁평리 561-1(영평천 합류후) | E5: 2.4 | G5: 1.9 | H5: 2.8 | I5: 3.486 | J5: 0.021 | K5: 11 | L5: 46092 | M5: =TEXT(L5,"aaa") -> 수
A6: 4 | C6: 한탄강 연4 | D6: 연천군 전곡읍 전곡리 681-2(세월교)_색도 목표지점 | E6: 2.8 | G6: 1.9 | H6: 2.5 | I6: 4.079 | J6: 0.027 | K6: 17 | L6: 46092 | M6: =TEXT(L6,"aaa") -> 수
A7: 5 | B7: 2)포천천 | C7: 포천천1 | D7: 포천시 소흘읍 무봉리 이동교리교 (포천천 상류,부인터사거리 뒤) | E7: 3.7 | G7: 2.7 | H7: 2.5 | I7: 6.124 | J7: 0.037 | K7: 14 | L7: 46105 | M7: =TEXT(L7,"aaa") -> 화
A8: 6 | C8: 포천천2 | D8: 포천시 신읍동 한내교 아래(실제 가스충전소 뒤 / 중류) | E8: 3.9 | F8: 5.5 | G8: 2.5 | H8: 3.3 | I8: 6.078 | J8: 0.034 | K8: 18 | L8: 46105 | M8: =TEXT(L8,"aaa") -> 화
A9: 7 | C9: 포천천3 | D9: 포천시 영중면 거사3리 농본교(포천천 하류) | E9: 3.9 | G9: 2.9 | H9: 2.8 | I9: 6.377 | J9: 0.036 | K9: 24 | L9: 46105 | M9: =TEXT(L9,"aaa") -> 화
A10: 8 | B10: 3)금현천 | C10: 금현천 | D10: 포천시 가산면 마산리 금현천교 아래(세창아파트 뒤) | E10: 5.9 | G10: 3.4 | H10: 8.8 | I10: 6.661 | J10: 0.05 | K10: 36 | L10: 46105 | M10: =TEXT(L10,"aaa") -> 화
A11: 9 | B11: 4)송우천 | C11: 송우천 | D11: 포천시 송우리 641-92(송우교 아래) | E11: 5.8 | G11: 2.3 | H11: 3.3 | I11: 6.648 | J11: 0.05 | K11: 37 | L11: 46105 | M11: =TEXT(L11,"aaa") -> 화
A12: 10 | B12: 5)영평천 | C12: 영평천1 | D12: 포천시 이동면 노곡리 낭유대교 아래(영평천 상류) | E12: 2.4 | F12: 2.9 | G12: 2.2 | H12: 2 | I12: 4.635 | J12: 0.021 | K12: 15 | L12: 46105 | M12: =TEXT(L12,"aaa") -> 화
A13: 11 | C13: 영평천2 | D13: 포천시 영중면 성동리 와룡교 아래(수입천 합류 후) | E13: 2.3 | G13: 2 | H13: 1.8 | I13: 4.678 | J13: 0.022 | K13: 18 | L13: 46105 | M13: =TEXT(L13,"aaa") -> 화
A14: 12 | C14: 영평천3 | D14: 포천시 영중면 영송리 영평교 아래(포천천 합류 후) | E14: 2.4 | G14: 2 | H14: 2.7 | I14: 4.751 | J14: 0.035 | K14: 9 | L14: 46105 | M14: =TEXT(L14,"aaa") -> 화
A15: 13 | C15: 영평천4 | D15: 포천시 창수면 오가리 오가교 아래(외북천 합류 후) | E15: 2.4 | G15: 1.6 | H15: 1.8 | I15: 4.473 | J15: 0.021 | K15: 12 | L15: 46105 | M15: =TEXT(L15,"aaa") -> 화
A16: 14 | C16: 영평천5 | D16: 포천시 창수면 고소성리 백의교(포천-연천 경계 / 영평천 하류) | E16: 2.2 | G16: 2.1 | H16: 1.7 | I16: 4.718 | J16: 0.031 | K16: 17 | L16: 46105 | M16: =TEXT(L16,"aaa") -> 화
A17: 15 | B17: 6)외북천 | C17: 외북천2 | D17: 포천시 영중면 영송리 통일교 아래(외북천 중류) | E17: 5.9 | G17: 5.1 | H17: 5.2 | I17: 26.718 | J17: 0.088 | K17: 35 | L17: 46105 | M17: =TEXT(L17,"aaa") -> 화
A18: 16 | C18: 외북천3 | D18: 포천시 영중면 영송리 두엄바이오 앞 (외북천 하류) | E18: 5.9 | G18: 5 | H18: 5.4 | I18: 29.178 | J18: 0.091 | K18: 35 | L18: 46105 | M18: =TEXT(L18,"aaa") -> 화
A19: 17 | B19: 7)수입천 | C19: 수입천 | D19: 포천시 일동면 사직리 1390-5(일이동처리장 입구) | E19: 5.6 | F19: 9.2 | G19: 2.1 | H19: 3.3 | I19: 6.561 | J19: 0.046 | K19: 32 | L19: 46105 | M19: =TEXT(L19,"aaa") -> 화
A20: 18 | B20: 8)신천 | C20: 신천1 | D20: 양주시 백석읍 오산리 137-2(신천-오산리_방성천 합류 전) | E20: 2.75 | G20: 2.2 | H20: 5.6 | I20: 5.782 | J20: 0.086 | K20: 17 | L20: 46091 | M20: =TEXT(L20,"aaa") -> 화
A21: 19 | C21: 신천5 | D21: 양주시 광적면 가납리 710(신천-우고천 합류 후) | E21: 4.67 | G21: 3.2 | H21: 4.1 | I21: 9.054 | J21: 0.093 | K21: 9 | L21: 46091 | M21: =TEXT(L21,"aaa") -> 화
A22: 20 | C22: 신천중류 | D22: 양주시 남면 상수리 104-39(입암천 합류 전) | E22: 5.57 | G22: 3.6 | H22: 4.6 | I22: 6.991 | J22: 0.108 | K22: 22 | L22: 46091 | M22: =TEXT(L22,"aaa") -> 화
A23: 21 | C23: 신천9 | D23: 양주시 은현면 운암리 60-15(은현교) | E23: 5.65 | G23: 3.9 | H23: 5.6 | I23: 7.295 | J23: 0.097 | K23: 16 | L23: 46091 | M23: =TEXT(L23,"aaa") -> 화
A24: 22 | C24: 용암교 | D24: 양주시 은현면 용암리 241-1(구 세월교) | E24: 5.79 | F24: 7.7 | G24: 2.9 | H24: 5.3 | I24: 7.001 | J24: 0.062 | K24: 23 | L24: 46091 | M24: =TEXT(L24,"aaa") -> 화
A25: 23 | C25: 신천11 | D25: 양주시 은현면 용암리 240-1(위생환경사업소앞) | E25: 5.48 | G25: 2.9 | H25: 4.8 | I25: 7.141 | J25: 0.07 | K25: 24 | L25: 46091 | M25: =TEXT(L25,"aaa") -> 화
A26: 24 | C26: 신천13 | D26: 동두천시 송내동 651-3(현대아이파크 앞) | E26: 4.92 | G26: 4.1 | H26: 6 | I26: 8.257 | J26: 0.063 | K26: 23 | L26: 46093 | M26: =TEXT(L26,"aaa") -> 목
A27: 25 | C27: 신천15 | D27: 동두천시 보산동 429-48 인근 진검다리 | E27: 7.02 | G27: 5 | H27: 6.6 | I27: 10.286 | J27: 0.092 | K27: 41 | L27: 46093 | M27: =TEXT(L27,"aaa") -> 목
A28: 26 | C28: 신천17 | D28: 동두천시 하봉암동 340-1 인근 | E28: 10.81 | G28: 4.2 | H28: 8.6 | I28: 7.081 | J28: 0.134 | K28: 142 | L28: 46093 | M28: =TEXT(L28,"aaa") -> 목
A29: 27 | C29: 신천17-2 | D29: 동두천시 하봉암동 327-1(하봉암교) | E29: 8.67 | G29: 5.6 | H29: 11.8 | I29: 8.539 | J29: 0.095 | K29: 89 | L29: 46093 | M29: =TEXT(L29,"aaa") -> 목
A30: 28 | C30: 신천18-1 | D30: 연천군 청산면 초성리 426, 초성교(시군경계) | E30: 8.6 | G30: 4.9 | H30: 9.2 | I30: 11.012 | J30: 0.118 | K30: 50 | L30: 46092 | M30: =TEXT(L30,"aaa") -> 수
A31: 29 | C31: 신천18 | D31: 연천군 청산면 초성리 142-5(신천교) | E31: 8.6 | G31: 6.8 | H31: 11 | I31: 10.437 | J31: 0.122 | K31: 51 | L31: 46092 | M31: =TEXT(L31,"aaa") -> 수
A32: 30 | C32: 신천20 | D32: 연천군 청산면 초성리 306-5(대전교) | E32: 7.3 | G32: 4 | H32: 8 | I32: 10.711 | J32: 0.091 | K32: 49 | L32: 46092 | M32: =TEXT(L32,"aaa") -> 수
A33: 31 | B33: 9)능안천 | C33: 능안천 | D33: 양주시 백석읍 방성리 205-12 | E33: 10.55 | G33: 3.3 | H33: 3.9 | I33: 45.867 | J33: 0.102 | K33: 23 | L33: 46091 | M33: =TEXT(L33,"aaa") -> 화
A34: 32 | B34: 10)효촌천 | C34: 효촌천 | D34: 양주시 남면 상수리 264 | E34: 11.51 | G34: 6.6 | H34: 7.2 | I34: 5.591 | J34: 0.126 | K34: 32 | L34: 46091 | M34: =TEXT(L34,"aaa") -> 화
A35: 33 | B35: 11)덕계천 | C35: 덕계천-하 | D35: 양주시 회정동 317-4 | E35: 2.7 | G35: 2.2 | H35: 1.2 | I35: 3.766 | J35: 0.023 | K35: 17 | L35: 46091 | M35: =TEXT(L35,"aaa") -> 화 | N35: 변경지점
A36: 34 | B36: 12)마개미천 | C36: 마개미천 | D36: 양주시 덕계동 169-17 | E36: 4.76 | G36: 3.8 | H36: 6.2 | I36: 4.138 | J36: 0.152 | K36: 26 | L36: 46091 | M36: =TEXT(L36,"aaa") -> 화 | N36: 신규지점
A37: 35 | B37: 13)회암천 | C37: 회암천_중 | D37: 양주시 옥정동로 율정초교 앞 | E37: 5.43 | G37: 2.8 | H37: 2.9 | I37: 9.442 | J37: 0.039 | K37: 31 | L37: 46091 | M37: =TEXT(L37,"aaa") -> 화
A38: 36 | B38: 14)청담천 | C38: 청담천 | D38: 양주시 고암동 211-1 | E38: 3.7 | G38: 2.2 | H38: 186.4 | I38: 3.566 | J38: 0.115 | K38: 20 | L38: 46091 | M38: =TEXT(L38,"aaa") -> 화
A39: 37 | B39: 15)상패천 | C39: 상패천 | D39: 동두천시 상패동 307-7 인근 (강변교 아래) (신천 합류 전) | E39: 4.89 | G39: 4.1 | H39: 8.4 | I39: 3.594 | J39: 0.184 | K39: 21 | L39: 46093 | M39: =TEXT(L39,"aaa") -> 목

Sheet 202602
A1: 2026년 2월 한탄강 수계 수질조사 결과
A2: 연번 | B2: 하천명 | C2: 시료번호 | D2: 주 소 | E2: TOC | F2: COD | G2: BOD | H2: SS | I2: T-N | J2: T-P | K2: 색도 | L2: 시료채취일 | M2: 요일
A3: 1 | B3: 1)한탄강 | C3: 한탄강1 | D3: 포천시 창수면 운산리 영로교 아래 | E3: 11.9 | F3: 15.7 | G3: 2.4 | H3: 4.8 | I3: 8.39 | J3: 0.073 | K3: 16 | L3: 46076 | M3: =TEXT(L3,"aaa") -> 월
A4: 2 | C4: 한탄강 연1 | D4: 연천군 전곡읍 신답리 1(영평천 합류전) | E4: 1.8 | G4: 0.8 | H4: 1.3 | I4: 2.733 | J4: 0.025 | K4: 18 | L4: 46063 | M4: =TEXT(L4,"aaa") -> 화
A5: 3 | C5: 한탄강 연2 | D5: 연천군 청산면 궁평리 561-1(영평천 합류후) | E5: 2.2 | G5: 0.9 | H5: 1.5 | I5: 3.941 | J5: 0.027 | K5: 18 | L5: 46063 | M5: =TEXT(L5,"aaa") -> 화
A6: 4 | C6: 한탄강 연4 | D6: 연천군 전곡읍 전곡리 681-2(세월교)_색도 목표지점 | E6: 4.1 | G6: 1.3 | H6: 2.7 | I6: 8.214 | J6: 0.051 | K6: 23 | L6: 46063 | M6: =TEXT(L6,"aaa") -> 화
A7: 5 | B7: 2)포천천 | C7: 포천천1 | D7: 포천시 소흘읍 무봉리 이동교리교 (포천천 상류,부인터사거리 뒤) | E7: 3.3 | G7: 1.9 | H7: 1.5 | I7: 7.857 | J7: 0.043 | K7: 17 | L7: 46076 | M7: =TEXT(L7,"aaa") -> 월
A8: 6 | C8: 포천천2 | D8: 포천시 신읍동 한내교 아래(실제 가스충전소 뒤 / 중류) | E8: 3.3 | F8: 4.4 | G8: 2.1 | H8: 1.6 | I8: 7.733 | J8: 0.05 | K8: 17 | L8: 46076 | M8: =TEXT(L8,"aaa") -> 월
A9: 7 | C9: 포천천3 | D9: 포천시 영중면 거사3리 농본교(포천천 하류) | E9: 3.4 | G9: 2.2 | H9: 1.5 | I9: 7.667 | J9: 0.045 | K9: 19 | L9: 46076 | M9: =TEXT(L9,"aaa") -> 월
A10: 8 | B10: 3)금현천 | C10: 금현천 | D10: 포천시 가산면 마산리 금현천교 아래(세창아파트 뒤) | E10: 6.3 | G10: 2.2 | H10: 4.3 | I10: 9.478 | J10: 0.038 | K10: 38 | L10: 46076 | M10: =TEXT(L10,"aaa") -> 월
A11: 9 | B11: 4)송우천 | C11: 송우천 | D11: 포천시 송우리 641-92(송우교 아래) | E11: 5.1 | G11: 2.1 | H11: 6 | I11: 9.504 | J11: 0.039 | K11: 36 | L11: 46076 | M11: =TEXT(L11,"aaa") -> 월
A12: 10 | B12: 5)영평천 | C12: 영평천1 | D12: 포천시 이동면 노곡리 낭유대교 아래(영평천 상류) | E12: 2.1 | F12: 4 | G12: 1.2 | H12: 0.8 | I12: 7.806 | J12: 0.047 | K12: 14 | L12: 46076 | M12: =TEXT(L12,"aaa") -> 월
A13: 11 | C13: 영평천2 | D13: 포천시 영중면 성동리 와룡교 아래(수입천 합류 후) | E13: 2 | G13: 1.1 | H13: 1.2 | I13: 7.83 | J13: 0.044 | K13: 19 | L13: 46076 | M13: =TEXT(L13,"aaa") -> 월
A14: 12 | C14: 영평천3 | D14: 포천시 영중면 영송리 영평교 아래(포천천 합류 후) | E14: 2 | G14: 1 | H14: 0.9 | I14: 7.872 | J14: 0.042 | K14: 17 | L14: 46076 | M14: =TEXT(L14,"aaa") -> 월
A15: 13 | C15: 영평천4 | D15: 포천시 창수면 오가리 오가교 아래(외북천 합류 후) | E15: 2 | G15: 1.4 | H15: 0.9 | I15: 7.697 | J15: 0.042 | K15: 16 | L15: 46076 | M15: =TEXT(L15,"aaa") -> 월
A16: 14 | C16: 영평천5 | D16: 포천시 창수면 고소성리 백의교(포천-연천 경계 / 영평천 하류) | E16: 2 | G16: 1.3 | H16: 0.9 | I16: 7.535 | J16: 0.046 | K16: 16 | L16: 46076 | M16: =TEXT(L16,"aaa") -> 월
A17: 15 | B17: 6)외북천 | C17: 외북천2 | D17: 포천시 영중면 영송리 통일교 아래(외북천 중류) | E17: 7.1 | G17: 2.8 | H17: 1.6 | I17: 36.276 | J17: 0.059 | K17: 74 | L17: 46076 | M17: =TEXT(L17,"aaa") -> 월
A18: 16 | C18: 외북천3 | D18: 포천시 영중면 영송리 두엄바이오 앞 (외북천 하류) | E18: 7.1 | G18: 3.2 | H18: 2 | I18: 35.668 | J18: 0.06 | K18: 73 | L18: 46076 | M18: =TEXT(L18,"aaa") -> 월
A19: 17 | B19: 7)수입천 | C19: 수입천 | D19: 포천시 일동면 사직리 1390-5(일이동처리장 입구) | E19: 4.7 | F19: 7.1 | G19: 1.7 | H19: 1 | I19: 8.241 | J19: 0.078 | K19: 16 | L19: 46076 | M19: =TEXT(L19,"aaa") -> 월
A20: 18 | B20: 8)신천 | C20: 신천1 | D20: 양주시 백석읍 오산리 137-2(신천-오산리_방성천 합류 전) | E20: 4.4 | G20: 2.3 | H20: 2.5 | I20: 6.869 | J20: 0.093 | K20: 9 | L20: 46076 | M20: =TEXT(L20,"aaa") -> 월
A21: 19 | C21: 신천5 | D21: 양주시 광적면 가납리 710(신천-우고천 합류 후) | E21: 3.2 | G21: 2.3 | H21: 4 | I21: 10.139 | J21: 0.118 | K21: 12 | L21: 46076 | M21: =TEXT(L21,"aaa") -> 월
A22: 20 | C22: 신천중류 | D22: 양주시 남면 상수리 104-39(입암천 합류 전) | E22: 3.9 | G22: 2.5 | H22: 2.7 | I22: 7.994 | J22: 0.081 | K22: 14 | L22: 46076 | M22: =TEXT(L22,"aaa") -> 월
A23: 21 | C23: 신천9 | D23: 양주시 은현면 운암리 60-15(은현교) | E23: 4.9 | G23: 2.4 | H23: 2.6 | I23: 9.462 | J23: 0.064 | K23: 21 | L23: 46076 | M23: =TEXT(L23,"aaa") -> 월
A24: 22 | C24: 용암교 | D24: 양주시 은현면 용암리 241-1(구 세월교) | E24: 3.2 | F24: 6.4 | G24: 2.1 | H24: 9.2 | I24: 8.044 | J24: 0.064 | K24: 13 | L24: 46076 | M24: =TEXT(L24,"aaa") -> 월
A25: 23 | C25: 신천11 | D25: 양주시 은현면 용암리 240-1(위생환경사업소앞) | E25: 5.1 | G25: 2.1 | H25: 8.2 | I25: 8.13 | J25: 0.056 | K25: 14 | L25: 46076 | M25: =TEXT(L25,"aaa") -> 월
A26: 24 | C26: 신천13 | D26: 동두천시 송내동 651-3(현대아이파크 앞) | E26: 4.5 | G26: 2.1 | H26: 2.4 | I26: 9.326 | J26: 0.06 | K26: 22 | L26: 46062 | M26: =TEXT(L26,"aaa") -> 월
A27: 25 | C27: 신천15 | D27: 동두천시 보산동 429-48 인근 진검다리 | E27: 6.3 | G27: 3.9 | H27: 4 | I27: 12.374 | J27: 0.09 | K27: 27 | L27: 46062 | M27: =TEXT(L27,"aaa") -> 월
A28: 26 | C28: 신천17 | D28: 동두천시 하봉암동 340-1 인근 | E28: 7.5 | G28: 2.5 | H28: 7 | I28: 15.389 | J28: 0.103 | K28: 64 | L28: 46062 | M28: =TEXT(L28,"aaa") -> 월
A29: 27 | C29: 신천17-2 | D29: 동두천시 하봉암동 327-1(하봉암교) | E29: 6.9 | G29: 3 | H29: 4 | I29: 13.373 | J29: 0.082 | K29: 52 | L29: 46062 | M29: =TEXT(L29,"aaa") -> 월
A30: 28 | C30: 신천18-1 | D30: 연천군 청산면 초성리 426, 초성교(시군경계) | E30: 8.5 | G30: 2.7 | H30: 8.6 | I30: 14.195 | J30: 0.142 | K30: 45 | L30: 46063 | M30: =TEXT(L30,"aaa") -> 화
A31: 29 | C31: 신천18 | D31: 연천군 청산면 초성리 142-5(신천교) | E31: 8.2 | G31: 2.5 | H31: 8.8 | I31: 13.594 | J31: 0.131 | K31: 46 | L31: 46063 | M31: =TEXT(L31,"aaa") -> 화
A32: 30 | C32: 신천20 | D32: 연천군 청산면 초성리 306-5(대전교) | E32: 6.5 | G32: 2.5 | H32: 5.6 | I32: 13.078 | J32: 0.106 | K32: 42 | L32: 46063 | M32: =TEXT(L32,"aaa") -> 화
A33: 31 | B33: 9)능안천 | C33: 능안천 | D33: 양주시 백석읍 방성리 205-12 | E33: 6.7 | G33: 2.7 | H33: 6.8 | I33: 25.174 | J33: 0.052 | K33: 13 | L33: 46076 | M33: =TEXT(L33,"aaa") -> 월
A34: 32 | B34: 10)효촌천 | C34: 효촌천 | D34: 양주시 남면 상수리 264 | E34: 4.7 | G34: 3.8 | H34: 8 | I34: 6.517 | J34: 0.109 | K34: 13 | L34: 46076 | M34: =TEXT(L34,"aaa") -> 월
A35: 33 | B35: 11)덕계천 | C35: 덕계천-하 | D35: 양주시 회정동 317-4 | E35: 3.5 | G35: 2.3 | H35: 1.1 | I35: 3.405 | J35: 0.028 | K35: 8 | L35: 46076 | M35: =TEXT(L35,"aaa") -> 월 | N35: 변경지점
A36: 34 | B36: 12)마개미천 | C36: 마개미천 | D36: 양주시 덕계동 169-17 | E36: 5.6 | G36: 4 | H36: 4.8 | I36: 3.98 | J36: 0.152 | K36: 10 | L36: 46076 | M36: =TEXT(L36,"aaa") -> 월 | N36: 신규지점
A37: 35 | B37: 13)회암천 | C37: 회암천_중 | D37: 양주시 옥정동로 율정초교 앞 | E37: 5 | G37: 2.3 | H37: 0.9 | I37: 12.12 | J37: 0.017 | K37: 15 | L37: 46076 | M37: =TEXT(L37,"aaa") -> 월
A38: 36 | B38: 14)청담천 | C38: 청담천 | D38: 양주시 고암동 211-1 | E38: 2.7 | G38: 1.7 | H38: 12 | I38: 3.604 | J38: 0.061 | K38: 8 | L38: 46076 | M38: =TEXT(L38,"aaa") -> 월
A39: 37 | B39: 15)상패천 | C39: 상패천 | D39: 동두천시 상패동 307-7 인근 (강변교 아래) (신천 합류 전) | E39: 3.7 | G39: 2.8 | H39: 3.6 | I39: 7.968 | J39: 0.073 | K39: 18 | L39: 46062 | M39: =TEXT(L39,"aaa") -> 월

Sheet 202601
A1: 2026년 1월 한탄강 수계 수질조사 결과
A2: 연번 | B2: 하천명 | C2: 시료번호 | D2: 주 소 | E2: TOC | F2: COD | G2: BOD | H2: SS | I2: T-N | J2: T-P | K2: 색도 | L2: 시료채취일 | M2: 요일
A3: 1 | B3: 1)한탄강 | C3: 한탄강1 | D3: 포천시 창수면 운산리 영로교 아래 | E3: 2.5 | F3: 5 | G3: 1.5 | H3: 2.9 | I3: 9.636 | J3: 0.169 | K3: 24 | L3: 46048 | M3: =TEXT(L3,"aaa") -> 월
A4: 2 | C4: 한탄강 연1 | D4: 연천군 전곡읍 신답리 1(영평천 합류전) | E4: 1.9 | G4: 1 | H4: 1.5 | I4: 3.047 | J4: 0.011 | K4: 8 | L4: 46029 | M4: =TEXT(L4,"aaa") -> 수
A5: 3 | C5: 한탄강 연2 | D5: 연천군 청산면 궁평리 561-1(영평천 합류후) | E5: 2.3 | G5: 1.2 | H5: 0.9 | I5: 4.723 | J5: 0.014 | K5: 6 | L5: 46029 | M5: =TEXT(L5,"aaa") -> 수
A6: 4 | C6: 한탄강 연4 | D6: 연천군 전곡읍 전곡리 681-2(세월교)_색도 목표지점 | E6: 2.3 | G6: 1.5 | H6: 0.8 | I6: 4.959 | J6: 0.019 | K6: 10 | L6: 46029 | M6: =TEXT(L6,"aaa") -> 수
A7: 5 | B7: 2)포천천 | C7: 포천천1 | D7: 포천시 소흘읍 무봉리 이동교리교 (포천천 상류,부인터사거리 뒤) | E7: 2.3 | G7: 1.3 | H7: 0.9 | I7: 10.672 | J7: 0.055 | K7: 10 | L7: 46048 | M7: =TEXT(L7,"aaa") -> 월
A8: 6 | C8: 포천천2 | D8: 포천시 신읍동 한내교 아래(실제 가스충전소 뒤 / 중류) | E8: 2.5 | F8: 3.1 | G8: 1.5 | H8: 0.8 | I8: 10.502 | J8: 0.06 | K8: 8 | L8: 46048 | M8: =TEXT(L8,"aaa") -> 월
A9: 7 | C9: 포천천3 | D9: 포천시 영중면 거사3리 농본교(포천천 하류) | E9: 2.4 | G9: 1.7 | H9: 1.2 | I9: 10.544 | J9: 0.058 | K9: 24 | L9: 46048 | M9: =TEXT(L9,"aaa") -> 월
A10: 8 | B10: 3)금현천 | C10: 금현천 | D10: 포천시 가산면 마산리 금현천교 아래(세창아파트 뒤) | E10: 4.3 | G10: 2.3 | H10: 4.7 | I10: 10.691 | J10: 0.03 | K10: 19 | L10: 46048 | M10: =TEXT(L10,"aaa") -> 월
A11: 9 | B11: 4)송우천 | C11: 송우천 | D11: 포천시 송우리 641-92(송우교 아래) | E11: 4.2 | G11: 2.8 | H11: 4.5 | I11: 10.587 | J11: 0.028 | K11: 18 | L11: 46048 | M11: =TEXT(L11,"aaa") -> 월
A12: 10 | B12: 5)영평천 | C12: 영평천1 | D12: 포천시 이동면 노곡리 낭유대교 아래(영평천 상류) | E12: 2.7 | F12: 3.1 | G12: 1.7 | H12: 1.3 | I12: 8.635 | J12: 0.086 | K12: 12 | L12: 46048 | M12: =TEXT(L12,"aaa") -> 월
A13: 11 | C13: 영평천2 | D13: 포천시 영중면 성동리 와룡교 아래(수입천 합류 후) | E13: 2.5 | G13: 1.4 | H13: 1.3 | I13: 8.783 | J13: 0.088 | K13: 23 | L13: 46048 | M13: =TEXT(L13,"aaa") -> 월
A14: 12 | C14: 영평천3 | D14: 포천시 영중면 영송리 영평교 아래(포천천 합류 후) | E14: 2.5 | G14: 1.9 | H14: 1.6 | I14: 9.009 | J14: 0.084 | K14: 14 | L14: 46048 | M14: =TEXT(L14,"aaa") -> 월
A15: 13 | C15: 영평천4 | D15: 포천시 창수면 오가리 오가교 아래(외북천 합류 후) | E15: 2.5 | G15: 1.4 | H15: 1.5 | I15: 8.735 | J15: 0.085 | K15: 15 | L15: 46048 | M15: =TEXT(L15,"aaa") -> 월
A16: 14 | C16: 영평천5 | D16: 포천시 창수면 고소성리 백의교(포천-연천 경계 / 영평천 하류) | E16: 2.5 | G16: 2 | H16: 1.3 | I16: 8.827 | J16: 0.085 | K16: 15 | L16: 46029 | M16: =TEXT(L16,"aaa") -> 수
A17: 15 | B17: 6)외북천 | C17: 외북천2 | D17: 포천시 영중면 영송리 통일교 아래(외북천 중류) | E17: 4.1 | G17: 2 | H17: 1.6 | I17: 17.022 | J17: 0.038 | K17: 28 | L17: 46048 | M17: =TEXT(L17,"aaa") -> 월
A18: 16 | C18: 외북천3 | D18: 포천시 영중면 영송리 두엄바이오 앞 (외북천 하류) | E18: 3.9 | G18: 2.4 | H18: 1.6 | I18: 17.319 | J18: 0.034 | K18: 31 | L18: 46048 | M18: =TEXT(L18,"aaa") -> 월
A19: 17 | B19: 7)수입천 | C19: 수입천 | D19: 포천시 일동면 사직리 1390-5(일이동처리장 입구) | E19: 2.2 | F19: 3.5 | G19: 1.6 | H19: 3.3 | I19: 9.335 | J19: 0.169 | K19: 8 | L19: 46048 | M19: =TEXT(L19,"aaa") -> 월
A20: 18 | B20: 8)신천 | C20: 신천1 | D20: 양주시 백석읍 오산리 137-2(신천-오산리_방성천 합류 전) | E20: 13.5 | G20: 9.1 | H20: 43.6 | I20: 7.753 | J20: 0.156 | K20: 7 | L20: 46029 | M20: =TEXT(L20,"aaa") -> 수
A21: 19 | C21: 신천5 | D21: 양주시 광적면 가납리 710(신천-우고천 합류 후) | E21: 2.3 | G21: 1.3 | H21: 3.6 | I21: 9.158 | J21: 0.07 | K21: 11 | L21: 46029 | M21: =TEXT(L21,"aaa") -> 수
A22: 20 | C22: 신천중류 | D22: 양주시 남면 상수리 104-39(입암천 합류 전) | E22: 7 | G22: 4.7 | H22: 21 | I22: 9.06 | J22: 0.095 | K22: 55 | L22: 46029 | M22: =TEXT(L22,"aaa") -> 수
A23: 21 | C23: 신천9 | D23: 양주시 은현면 운암리 60-15(은현교) | E23: 4.9 | G23: 3.6 | H23: 12.9 | I23: 9.912 | J23: 0.055 | K23: 24 | L23: 46029 | M23: =TEXT(L23,"aaa") -> 수
A24: 22 | C24: 용암교 | D24: 양주시 은현면 용암리 241-1(구 세월교) | E24: 4.6 | F24: 5.1 | G24: 3 | H24: 6.7 | I24: 8.674 | J24: 0.084 | K24: 15 | L24: 46029 | M24: =TEXT(L24,"aaa") -> 수
A25: 23 | C25: 신천11 | D25: 양주시 은현면 용암리 240-1(위생환경사업소앞) | E25: 4.4 | G25: 2.8 | H25: 3.5 | I25: 8.547 | J25: 0.08 | K25: 19 | L25: 46029 | M25: =TEXT(L25,"aaa") -> 수
A26: 24 | C26: 신천13 | D26: 동두천시 송내동 651-3(현대아이파크 앞) | E26: 3.52 | G26: 2.3 | H26: 2.8 | I26: 8.788 | J26: 0.05 | K26: 9 | L26: 46028 | M26: =TEXT(L26,"aaa") -> 화
A27: 25 | C27: 신천15 | D27: 동두천시 보산동 429-48 인근 진검다리 | E27: 6.29 | G27: 5 | H27: 4 | I27: 11.069 | J27: 0.075 | K27: 19 | L27: 46028 | M27: =TEXT(L27,"aaa") -> 화
A28: 26 | C28: 신천17 | D28: 동두천시 하봉암동 340-1 인근 | E28: 8.97 | G28: 4.1 | H28: 6 | I28: 11.299 | J28: 0.104 | K28: 66 | L28: 46028 | M28: =TEXT(L28,"aaa") -> 화
A29: 27 | C29: 신천17-2 | D29: 동두천시 하봉암동 327-1(하봉암교) | E29: 8.06 | G29: 6.2 | H29: 8.6 | I29: 11.963 | J29: 0.117 | K29: 44 | L29: 46028 | M29: =TEXT(L29,"aaa") -> 화
A30: 28 | C30: 신천18-1 | D30: 연천군 청산면 초성리 426, 초성교(시군경계) | E30: 9.1 | G30: 6.1 | H30: 7.6 | I30: 10.145 | J30: 0.118 | K30: 30 | L30: 46029 | M30: =TEXT(L30,"aaa") -> 수
A31: 29 | C31: 신천18 | D31: 연천군 청산면 초성리 142-5(신천교) | E31: 8.9 | G31: 6.5 | H31: 9 | I31: 10.207 | J31: 0.123 | K31: 31 | L31: 46029 | M31: =TEXT(L31,"aaa") -> 수
A32: 30 | C32: 신천20 | D32: 연천군 청산면 초성리 306-5(대전교) | E32: 8.2 | G32: 4.2 | H32: 5.8 | I32: 9.53 | J32: 0.102 | K32: 36 | L32: 46029 | M32: =TEXT(L32,"aaa") -> 수
A33: 31 | B33: 9)능안천 | C33: 능안천 | D33: 양주시 백석읍 방성리 205-12 | E33: 25.4 | G33: 18.4 | H33: 11.2 | I33: 72.337 | J33: 0.142 | K33: 45 | L33: 46029 | M33: =TEXT(L33,"aaa") -> 수
A34: 32 | B34: 10)효촌천 | C34: 효촌천 | D34: 양주시 남면 상수리 264 | E34: 18.4 | G34: 12.3 | H34: 28.8 | I34: 9.286 | J34: 0.172 | K34: 49 | L34: 46029 | M34: =TEXT(L34,"aaa") -> 수
A35: 33 | B35: 11)덕계천 | C35: 덕계천-하 | D35: 양주시 회정동 317-4 | E35: 4 | G35: 2.1 | H35: 3.7 | I35: 4.418 | J35: 0.087 | K35: 10 | L35: 46029 | M35: =TEXT(L35,"aaa") -> 수 | N35: 변경지점
A36: 34 | B36: 12)마개미천 | C36: 마개미천 | D36: 양주시 덕계동 169-17 | E36: 14.9 | G36: 10.2 | H36: 16 | I36: 3.673 | J36: 0.072 | K36: 8 | L36: 46029 | M36: =TEXT(L36,"aaa") -> 수 | N36: 신규지점
A37: 35 | B37: 13)회암천 | C37: 회암천_중 | D37: 양주시 옥정동로 율정초교 앞 | E37: 6.1 | G37: 4.1 | H37: 3.5 | I37: 10.98 | J37: 0.049 | K37: 28 | L37: 46029 | M37: =TEXT(L37,"aaa") -> 수
A38: 36 | B38: 14)청담천 | C38: 청담천 | D38: 양주시 고암동 211-1 | E38: 2.7 | G38: 1.7 | H38: 7 | I38: 4.32 | J38: 0.036 | K38: 7 | L38: 46029 | M38: =TEXT(L38,"aaa") -> 수
A39: 37 | B39: 15)상패천 | C39: 상패천 | D39: 동두천시 상패동 307-7 인근 (강변교 아래) (신천 합류 전) | E39: 3.15 | G39: 2.7 | H39: 1.3 | I39: 7.876 | J39: 0.048 | K39: 7 | L39: 46028 | M39: =TEXT(L39,"aaa") -> 화

Sheet 26년 월별 TOC현황
A1: 2026년 월별 TOC 현황
A2: 연번 | B2: 하천명 | C2: 시료번호 | D2: 주 소 | E2: 1월 | F2: 2월 | G2: 3월 | H2: 4월 | I2: 5월 | J2: 6월 | K2: 7월 | L2: 8월 | M2: 9월 | N2: 10월 | O2: 11월 | P2: 12월 | Q2: 최대 | R2: 최소 | S2: 평균 | T2: 편차 | U2: 생활환경 기준등급
A3: 2 | B3: 1)한탄강 | C3: 한탄강1 | D3: 포천시 창수면 운산리 영로교 아래 | E3: ='202601'!E3 -> 2.5 | F3: ='202602'!E3 -> 11.9 | G3: ='202603'!E3 -> 3.8 | H3: ='202604'!E3 -> 1.8 | I3: ='202605'!E3 -> 1.9 | J3: ='202606'!E3 -> 2.9 | K3: ='202607'!E3 -> 2.93 | L3: ='202608'!E3 -> 2.4 | M3: ='202609'!E3 -> 3.92 | Q3: =MAX(E3:P3) -> 11.9 | R3: =MIN(E3:P3) -> 1.8 | S3: =AVERAGE(E3:P3) -> 3.7833333 | T3: =STDEV(E3:P3) -> 3.1314693 | U3: =IF(S3<=2, "매우좋음", IF(S3<=3, "좋음", IF(S3<=4, "약간좋음", IF(S3<=5, "보통", IF(S3<=6, "약간나쁨", IF(S3<=8, "나쁨", "매우나쁨")))))) -> 약간좋음
A4: 3 | C4: 한탄강 연1 | D4: 연천군 전곡읍 신답리 1(영평천 합류전) | E4: ='202601'!E4 -> 1.9 | F4: ='202602'!E4 -> 1.8 | G4: ='202603'!E4 -> 2.1 | H4: ='202604'!E4 -> 2.8 | I4: ='202605'!E4 -> 2.9 | J4: ='202606'!E4 -> 2.8 | K4: ='202607'!E4 -> 1.93 | L4: ='202608'!E4 -> 2.1 | M4: ='202609'!E4 -> 1.9 | Q4: =MAX(E4:P4) -> 2.9 | R4: =MIN(E4:P4) -> 1.8 | S4: =AVERAGE(E4:P4) -> 2.2477778 | T4: =STDEV(E4:P4) -> 0.45032704 | U4: =IF(S4<=2, "매우좋음", IF(S4<=3, "좋음", IF(S4<=4, "약간좋음", IF(S4<=5, "보통", IF(S4<=6, "약간나쁨", IF(S4<=8, "나쁨", "매우나쁨")))))) -> 좋음
A5: 4 | C5: 한탄강 연2 | D5: 연천군 청산면 궁평리 561-1(영평천 합류후) | E5: ='202601'!E5 -> 2.3 | F5: ='202602'!E5 -> 2.2 | G5: ='202603'!E5 -> 2.4 | H5: ='202604'!E5 -> 3.1 | I5: ='202605'!E5 -> 3 | J5: ='202606'!E5 -> 2.9 | K5: ='202607'!E5 -> 1.87 | L5: ='202608'!E5 -> 2.7 | M5: ='202609'!E5 -> 2 | Q5: =MAX(E5:P5) -> 3.1 | R5: =MIN(E5:P5) -> 1.87 | S5: =AVERAGE(E5:P5) -> 2.4966667 | T5: =STDEV(E5:P5) -> 0.44676616 | U5: =IF(S5<=2, "매우좋음", IF(S5<=3, "좋음", IF(S5<=4, "약간좋음", IF(S5<=5, "보통", IF(S5<=6, "약간나쁨", IF(S5<=8, "나쁨", "매우나쁨")))))) -> 좋음
A6: 8 | C6: 한탄강 연4 | D6: 연천군 전곡읍 전곡리 681-2(세월교)_색도 목표지점 | E6: ='202601'!E6 -> 2.3 | F6: ='202602'!E6 -> 4.1 | G6: ='202603'!E6 -> 2.8 | H6: ='202604'!E6 -> 5 | I6: ='202605'!E6 -> 3.2 | J6: ='202606'!E6 -> 3.5 | K6: ='202607'!E6 -> 1.83 | L6: ='202608'!E6 -> 3 | M6: ='202609'!E6 -> 2.4 | Q6: =MAX(E6:P6) -> 5 | R6: =MIN(E6:P6) -> 1.83 | S6: =AVERAGE(E6:P6) -> 3.1255556 | T6: =STDEV(E6:P6) -> 0.97577035 | U6: =IF(S6<=2, "매우좋음", IF(S6<=3, "좋음", IF(S6<=4, "약간좋음", IF(S6<=5, "보통", IF(S6<=6, "약간나쁨", IF(S6<=8, "나쁨", "매우나쁨")))))) -> 약간좋음
A7: 10 | B7: 2)포천천 | C7: 포천천1 | D7: 포천시 소흘읍 무봉리 이동교리교 (포천천 상류,부인터사거리 뒤) | E7: ='202601'!E7 -> 2.3 | F7: ='202602'!E7 -> 3.3 | G7: ='202603'!E7 -> 3.7 | H7: ='202604'!E7 -> 2.3 | I7: ='202605'!E7 -> 3.5 | J7: ='202606'!E7 -> 3.6 | K7: ='202607'!E7 -> 2.4 | L7: ='202608'!E7 -> 2.9 | M7: ='202609'!E7 -> 4.27 | Q7: =MAX(E7:P7) -> 4.27 | R7: =MIN(E7:P7) -> 2.3 | S7: =AVERAGE(E7:P7) -> 3.1411111 | T7: =STDEV(E7:P7) -> 0.70477735 | U7: =IF(S7<=2, "매우좋음", IF(S7<=3, "좋음", IF(S7<=4, "약간좋음", IF(S7<=5, "보통", IF(S7<=6, "약간나쁨", IF(S7<=8, "나쁨", "매우나쁨")))))) -> 약간좋음
A8: 11 | C8: 포천천2 | D8: 포천시 신읍동 한내교 아래(실제 가스충전소 뒤 / 중류) | E8: ='202601'!E8 -> 2.5 | F8: ='202602'!E8 -> 3.3 | G8: ='202603'!E8 -> 3.9 | H8: ='202604'!E8 -> 2.4 | I8: ='202605'!E8 -> 3.8 | J8: ='202606'!E8 -> 3.6 | K8: ='202607'!E8 -> 2.48 | L8: ='202608'!E8 -> 2.9 | M8: ='202609'!E8 -> 4.22 | Q8: =MAX(E8:P8) -> 4.22 | R8: =MIN(E8:P8) -> 2.4 | S8: =AVERAGE(E8:P8) -> 3.2333333 | T8: =STDEV(E8:P8) -> 0.68818602 | U8: =IF(S8<=2, "매우좋음", IF(S8<=3, "좋음", IF(S8<=4, "약간좋음", IF(S8<=5, "보통", IF(S8<=6, "약간나쁨", IF(S8<=8, "나쁨", "매우나쁨")))))) -> 약간좋음
A9: 12 | C9: 포천천3 | D9: 포천시 영중면 거사3리 농본교(포천천 하류) | E9: ='202601'!E9 -> 2.4 | F9: ='202602'!E9 -> 3.4 | G9: ='202603'!E9 -> 3.9 | H9: ='202604'!E9 -> 5 | I9: ='202605'!E9 -> 4 | J9: ='202606'!E9 -> 3.7 | K9: ='202607'!E9 -> 2.5 | L9: ='202608'!E9 -> 3 | M9: ='202609'!E9 -> 4.18 | Q9: =MAX(E9:P9) -> 5 | R9: =MIN(E9:P9) -> 2.4 | S9: =AVERAGE(E9:P9) -> 3.5644444 | T9: =STDEV(E9:P9) -> 0.83628809 | U9: =IF(S9<=2, "매우좋음", IF(S9<=3, "좋음", IF(S9<=4, "약간좋음", IF(S9<=5, "보통", IF(S9<=6, "약간나쁨", IF(S9<=8, "나쁨", "매우나쁨")))))) -> 약간좋음
A10: 13 | B10: 3)금현천 | C10: 금현천 | D10: 포천시 가산면 마산리 금현천교 아래(세창아파트 뒤) | E10: ='202601'!E10 -> 4.3 | F10: ='202602'!E10 -> 6.3 | G10: ='202603'!E10 -> 5.9 | H10: ='202604'!E10 -> 4.5 | I10: ='202605'!E10 -> 3.3 | J10: ='202606'!E10 -> 3.5 | K10: ='202607'!E10 -> 2.9 | L10: ='202608'!E10 -> 3.4 | M10: ='202609'!E10 -> 4.09 | Q10: =MAX(E10:P10) -> 6.3 | R10: =MIN(E10:P10) -> 2.9 | S10: =AVERAGE(E10:P10) -> 4.2433333 | T10: =STDEV(E10:P10) -> 1.1739463 | U10: =IF(S10<=2, "매우좋음", IF(S10<=3, "좋음", IF(S10<=4, "약간좋음", IF(S10<=5, "보통", IF(S10<=6, "약간나쁨", IF(S10<=8, "나쁨", "매우나쁨")))))) -> 보통
A11: 14 | B11: 4)송우천 | C11: 송우천 | D11: 포천시 송우리 641-92(송우교 아래) | E11: ='202601'!E11 -> 4.2 | F11: ='202602'!E11 -> 5.1 | G11: ='202603'!E11 -> 5.8 | H11: ='202604'!E11 -> 4.5 | I11: ='202605'!E11 -> 3.3 | J11: ='202606'!E11 -> 3.6 | K11: ='202607'!E11 -> 2.9 | L11: ='202608'!E11 -> 3.4 | M11: ='202609'!E11 -> 3.98 | Q11: =MAX(E11:P11) -> 5.8 | R11: =MIN(E11:P11) -> 2.9 | S11: =AVERAGE(E11:P11) -> 4.0866667 | T11: =STDEV(E11:P11) -> 0.92822411 | U11: =IF(S11<=2, "매우좋음", IF(S11<=3, "좋음", IF(S11<=4, "약간좋음", IF(S11<=5, "보통", IF(S11<=6, "약간나쁨", IF(S11<=8, "나쁨", "매우나쁨")))))) -> 보통 | V11: 1
A12: 17 | B12: 5)영평천 | C12: 영평천1 | D12: 포천시 이동면 노곡리 낭유대교 아래(영평천 상류) | E12: ='202601'!E12 -> 2.7 | F12: ='202602'!E12 -> 2.1 | G12: ='202603'!E12 -> 2.4 | H12: ='202604'!E12 -> 2 | I12: ='202605'!E12 -> 2.3 | J12: ='202606'!E12 -> 1.9 | K12: ='202607'!E12 -> 2.2 | L12: ='202608'!E12 -> 3 | M12: ='202609'!E12 -> 1.66 | Q12: =MAX(E12:P12) -> 3 | R12: =MIN(E12:P12) -> 1.66 | S12: =AVERAGE(E12:P12) -> 2.2511111 | T12: =STDEV(E12:P12) -> 0.41050105 | U12: =IF(S12<=2, "매우좋음", IF(S12<=3, "좋음", IF(S12<=4, "약간좋음", IF(S12<=5, "보통", IF(S12<=6, "약간나쁨", IF(S12<=8, "나쁨", "매우나쁨")))))) -> 좋음
A13: 18 | C13: 영평천2 | D13: 포천시 영중면 성동리 와룡교 아래(수입천 합류 후) | E13: ='202601'!E13 -> 2.5 | F13: ='202602'!E13 -> 2 | G13: ='202603'!E13 -> 2.3 | H13: ='202604'!E13 -> 1.7 | I13: ='202605'!E13 -> 2.2 | J13: ='202606'!E13 -> 1.9 | K13: ='202607'!E13 -> 2.1 | L13: ='202608'!E13 -> 2.5 | M13: ='202609'!E13 -> 1.68 | Q13: =MAX(E13:P13) -> 2.5 | R13: =MIN(E13:P13) -> 1.68 | S13: =AVERAGE(E13:P13) -> 2.0977778 | T13: =STDEV(E13:P13) -> 0.3074808 | U13: =IF(S13<=2, "매우좋음", IF(S13<=3, "좋음", IF(S13<=4, "약간좋음", IF(S13<=5, "보통", IF(S13<=6, "약간나쁨", IF(S13<=8, "나쁨", "매우나쁨")))))) -> 좋음
A14: 20 | C14: 영평천3 | D14: 포천시 영중면 영송리 영평교 아래(포천천 합류 후) | E14: ='202601'!E14 -> 2.5 | F14: ='202602'!E14 -> 2 | G14: ='202603'!E14 -> 2.4 | H14: ='202604'!E14 -> 2.2 | I14: ='202605'!E14 -> 2.1 | J14: ='202606'!E14 -> 2.1 | K14: ='202607'!E14 -> 2 | L14: ='202608'!E14 -> 2.5 | M14: ='202609'!E14 -> 2.15 | Q14: =MAX(E14:P14) -> 2.5 | R14: =MIN(E14:P14) -> 2 | S14: =AVERAGE(E14:P14) -> 2.2166667 | T14: =STDEV(E14:P14) -> 0.2 | U14: =IF(S14<=2, "매우좋음", IF(S14<=3, "좋음", IF(S14<=4, "약간좋음", IF(S14<=5, "보통", IF(S14<=6, "약간나쁨", IF(S14<=8, "나쁨", "매우나쁨")))))) -> 좋음
A15: 21 | C15: 영평천4 | D15: 포천시 창수면 오가리 오가교 아래(외북천 합류 후) | E15: ='202601'!E15 -> 2.5 | F15: ='202602'!E15 -> 2 | G15: ='202603'!E15 -> 2.4 | H15: ='202604'!E15 -> 2.2 | I15: ='202605'!E15 -> 2.3 | J15: ='202606'!E15 -> 2.1 | K15: ='202607'!E15 -> 2 | L15: ='202608'!E15 -> 3.4 | M15: ='202609'!E15 -> 2.06 | Q15: =MAX(E15:P15) -> 3.4 | R15: =MIN(E15:P15) -> 2 | S15: =AVERAGE(E15:P15) -> 2.3288889 | T15: =STDEV(E15:P15) -> 0.43876088 | U15: =IF(S15<=2, "매우좋음", IF(S15<=3, "좋음", IF(S15<=4, "약간좋음", IF(S15<=5, "보통", IF(S15<=6, "약간나쁨", IF(S15<=8, "나쁨", "매우나쁨")))))) -> 좋음
A16: 22 | C16: 영평천5 | D16: 포천시 창수면 고소성리 백의교(포천-연천 경계 / 영평천 하류) | E16: ='202601'!E16 -> 2.5 | F16: ='202602'!E16 -> 2 | G16: ='202603'!E16 -> 2.2 | H16: ='202604'!E16 -> 2.2 | I16: ='202605'!E16 -> 1.9 | J16: ='202606'!E16 -> 2.1 | K16: ='202607'!E16 -> 2 | L16: ='202608'!E16 -> 3.4 | M16: ='202609'!E16 -> 2.15 | Q16: =MAX(E16:P16) -> 3.4 | R16: =MIN(E16:P16) -> 1.9 | S16: =AVERAGE(E16:P16) -> 2.2722222 | T16: =STDEV(E16:P16) -> 0.45628329 | U16: =IF(S16<=2, "매우좋음", IF(S16<=3, "좋음", IF(S16<=4, "약간좋음", IF(S16<=5, "보통", IF(S16<=6, "약간나쁨", IF(S16<=8, "나쁨", "매우나쁨")))))) -> 좋음
A17: 23 | B17: 6)외북천 | C17: 외북천2 | D17: 포천시 영중면 영송리 통일교 아래(외북천 중류) | E17: ='202601'!E17 -> 4.1 | F17: ='202602'!E17 -> 7.1 | G17: ='202603'!E17 -> 5.9 | H17: ='202604'!E17 -> 4 | I17: ='202605'!E17 -> 4.9 | J17: ='202606'!E17 -> 4.9 | K17: ='202607'!E17 -> 3.7 | L17: ='202608'!E17 -> 5.1 | M17: ='202609'!E17 -> 3.45 | Q17: =MAX(E17:P17) -> 7.1 | R17: =MIN(E17:P17) -> 3.45 | S17: =AVERAGE(E17:P17) -> 4.7944444 | T17: =STDEV(E17:P17) -> 1.1603998 | U17: =IF(S17<=2, "매우좋음", IF(S17<=3, "좋음", IF(S17<=4, "약간좋음", IF(S17<=5, "보통", IF(S17<=6, "약간나쁨", IF(S17<=8, "나쁨", "매우나쁨")))))) -> 보통
A18: 24 | C18: 외북천3 | D18: 포천시 영중면 영송리 두엄바이오 앞 (외북천 하류) | E18: ='202601'!E18 -> 3.9 | F18: ='202602'!E18 -> 7.1 | G18: ='202603'!E18 -> 5.9 | H18: ='202604'!E18 -> 4 | I18: ='202605'!E18 -> 5.2 | J18: ='202606'!E18 -> 4.7 | K18: ='202607'!E18 -> 3.7 | L18: ='202608'!E18 -> 5 | M18: ='202609'!E18 -> 3.35 | Q18: =MAX(E18:P18) -> 7.1 | R18: =MIN(E18:P18) -> 3.35 | S18: =AVERAGE(E18:P18) -> 4.7611111 | T18: =STDEV(E18:P18) -> 1.1968129 | U18: =IF(S18<=2, "매우좋음", IF(S18<=3, "좋음", IF(S18<=4, "약간좋음", IF(S18<=5, "보통", IF(S18<=6, "약간나쁨", IF(S18<=8, "나쁨", "매우나쁨")))))) -> 보통
A19: 25 | B19: 7)수입천 | C19: 수입천 | D19: 포천시 일동면 사직리 1390-5(일이동처리장 입구) | E19: ='202601'!E19 -> 2.2 | F19: ='202602'!E19 -> 4.7 | G19: ='202603'!E19 -> 5.6 | H19: ='202604'!E19 -> 5 | I19: ='202605'!E19 -> 1.8 | J19: ='202606'!E19 -> 1.9 | K19: ='202607'!E19 -> 2.14 | L19: ='202608'!E19 -> 2.5 | M19: ='202609'!E19 -> 1.7 | Q19: =MAX(E19:P19) -> 5.6 | R19: =MIN(E19:P19) -> 1.7 | S19: =AVERAGE(E19:P19) -> 3.06 | T19: =STDEV(E19:P19) -> 1.5647364 | U19: =IF(S19<=2, "매우좋음", IF(S19<=3, "좋음", IF(S19<=4, "약간좋음", IF(S19<=5, "보통", IF(S19<=6, "약간나쁨", IF(S19<=8, "나쁨", "매우나쁨")))))) -> 약간좋음
A20: 26 | B20: 8)신천 | C20: 신천1 | D20: 양주시 백석읍 오산리 137-2(신천-오산리_방성천 합류 전) | E20: ='202601'!E20 -> 13.5 | F20: ='202602'!E20 -> 4.4 | G20: ='202603'!E20 -> 2.75 | H20: ='202604'!E20 -> 2.3 | I20: ='202605'!E20 -> 4 | J20: ='202606'!E20 -> 3.4 | K20: ='202607'!E20 -> 2.8 | L20: ='202608'!E20 -> 2.8 | M20: ='202609'!E20 -> 2.73 | Q20: =MAX(E20:P20) -> 13.5 | R20: =MIN(E20:P20) -> 2.3 | S20: =AVERAGE(E20:P20) -> 4.2977778 | T20: =STDEV(E20:P20) -> 3.5163432 | U20: =IF(S20<=2, "매우좋음", IF(S20<=3, "좋음", IF(S20<=4, "약간좋음", IF(S20<=5, "보통", IF(S20<=6, "약간나쁨", IF(S20<=8, "나쁨", "매우나쁨")))))) -> 보통
A21: 27 | C21: 신천5 | D21: 양주시 광적면 가납리 710(신천-우고천 합류 후) | E21: ='202601'!E21 -> 2.3 | F21: ='202602'!E21 -> 3.2 | G21: ='202603'!E21 -> 4.67 | H21: ='202604'!E21 -> 3.2 | I21: ='202605'!E21 -> 4.6 | J21: ='202606'!E21 -> 4 | K21: ='202607'!E21 -> 3.3 | L21: ='202608'!E21 -> 3.4 | M21: ='202609'!E21 -> 3.48 | Q21: =MAX(E21:P21) -> 4.67 | R21: =MIN(E21:P21) -> 2.3 | S21: =AVERAGE(E21:P21) -> 3.5722222 | T21: =STDEV(E21:P21) -> 0.74601906 | U21: =IF(S21<=2, "매우좋음", IF(S21<=3, "좋음", IF(S21<=4, "약간좋음", IF(S21<=5, "보통", IF(S21<=6, "약간나쁨", IF(S21<=8, "나쁨", "매우나쁨")))))) -> 약간좋음
A22: 28 | C22: 신천중류 | D22: 양주시 남면 상수리 104-39(입암천 합류 전) | E22: ='202601'!E22 -> 7 | F22: ='202602'!E22 -> 3.9 | G22: ='202603'!E22 -> 5.57 | H22: ='202604'!E22 -> 7.5 | I22: ='202605'!E22 -> 6.8 | J22: ='202606'!E22 -> 4.2 | K22: ='202607'!E22 -> 4.2 | L22: ='202608'!E22 -> 5.4 | M22: ='202609'!E22 -> 7.6 | Q22: =MAX(E22:P22) -> 7.6 | R22: =MIN(E22:P22) -> 3.9 | S22: =AVERAGE(E22:P22) -> 5.7966667 | T22: =STDEV(E22:P22) -> 1.4795607 | U22: =IF(S22<=2, "매우좋음", IF(S22<=3, "좋음", IF(S22<=4, "약간좋음", IF(S22<=5, "보통", IF(S22<=6, "약간나쁨", IF(S22<=8, "나쁨", "매우나쁨")))))) -> 약간나쁨
A23: 29 | C23: 신천9 | D23: 양주시 은현면 운암리 60-15(은현교) | E23: ='202601'!E23 -> 4.9 | F23: ='202602'!E23 -> 4.9 | G23: ='202603'!E23 -> 5.65 | H23: ='202604'!E23 -> 7.3 | I23: ='202605'!E23 -> 5.9 | J23: ='202606'!E23 -> 4.5 | K23: ='202607'!E23 -> 3.7 | L23: ='202608'!E23 -> 5.7 | M23: ='202609'!E23 -> 6.52 | Q23: =MAX(E23:P23) -> 7.3 | R23: =MIN(E23:P23) -> 3.7 | S23: =AVERAGE(E23:P23) -> 5.4522222 | T23: =STDEV(E23:P23) -> 1.0864136 | U23: =IF(S23<=2, "매우좋음", IF(S23<=3, "좋음", IF(S23<=4, "약간좋음", IF(S23<=5, "보통", IF(S23<=6, "약간나쁨", IF(S23<=8, "나쁨", "매우나쁨")))))) -> 약간나쁨
A24: 30 | C24: 용암교 | D24: 양주시 은현면 용암리 241-1(구 세월교) | E24: ='202601'!E24 -> 4.6 | F24: ='202602'!E24 -> 3.2 | G24: ='202603'!E24 -> 5.79 | H24: ='202604'!E24 -> 4.9 | I24: ='202605'!E24 -> 6.7 | J24: ='202606'!E24 -> 3.5 | K24: ='202607'!E24 -> 2.9 | L24: ='202608'!E24 -> 1.8 | M24: ='202609'!E24 -> 5.95 | Q24: =MAX(E24:P24) -> 6.7 | R24: =MIN(E24:P24) -> 1.8 | S24: =AVERAGE(E24:P24) -> 4.3711111 | T24: =STDEV(E24:P24) -> 1.626618 | U24: =IF(S24<=2, "매우좋음", IF(S24<=3, "좋음", IF(S24<=4, "약간좋음", IF(S24<=5, "보통", IF(S24<=6, "약간나쁨", IF(S24<=8, "나쁨", "매우나쁨")))))) -> 보통
A25: 31 | C25: 신천11 | D25: 양주시 은현면 용암리 240-1(위생환경사업소앞) | E25: ='202601'!E25 -> 4.4 | F25: ='202602'!E25 -> 5.1 | G25: ='202603'!E25 -> 5.48 | H25: ='202604'!E25 -> 7.9 | I25: ='202605'!E25 -> 6.1 | J25: ='202606'!E25 -> 3.7 | K25: ='202607'!E25 -> 3.5 | L25: ='202608'!E25 -> 5.4 | M25: ='202609'!E25 -> 5.88 | Q25: =MAX(E25:P25) -> 7.9 | R25: =MIN(E25:P25) -> 3.5 | S25: =AVERAGE(E25:P25) -> 5.2733333 | T25: =STDEV(E25:P25) -> 1.3426839 | U25: =IF(S25<=2, "매우좋음", IF(S25<=3, "좋음", IF(S25<=4, "약간좋음", IF(S25<=5, "보통", IF(S25<=6, "약간나쁨", IF(S25<=8, "나쁨", "매우나쁨")))))) -> 약간나쁨
A26: 32 | C26: 신천13 | D26: 동두천시 송내동 651-3(현대아이파크 앞) | E26: ='202601'!E26 -> 3.52 | F26: ='202602'!E26 -> 4.5 | G26: ='202603'!E26 -> 4.92 | H26: ='202604'!E26 -> 5.6 | I26: ='202605'!E26 -> 5.5 | J26: ='202606'!E26 -> 3.3 | K26: ='202607'!E26 -> 3.9 | L26: ='202608'!E26 -> 5.5 | M26: ='202609'!E26 -> 4.6 | Q26: =MAX(E26:P26) -> 5.6 | R26: =MIN(E26:P26) -> 3.3 | S26: =AVERAGE(E26:P26) -> 4.5933333 | T26: =STDEV(E26:P26) -> 0.87166507 | U26: =IF(S26<=2, "매우좋음", IF(S26<=3, "좋음", IF(S26<=4, "약간좋음", IF(S26<=5, "보통", IF(S26<=6, "약간나쁨", IF(S26<=8, "나쁨", "매우나쁨")))))) -> 보통
A27: 33 | C27: 신천15 | D27: 동두천시 보산동 429-48 인근 진검다리 | E27: ='202601'!E27 -> 6.29 | F27: ='202602'!E27 -> 6.3 | G27: ='202603'!E27 -> 7.02 | H27: ='202604'!E27 -> 8.1 | I27: ='202605'!E27 -> 6.4 | J27: ='202606'!E27 -> 3.9 | K27: ='202607'!E27 -> 5 | L27: ='202608'!E27 -> 6.9 | M27: ='202609'!E27 -> 4.9 | Q27: =MAX(E27:P27) -> 8.1 | R27: =MIN(E27:P27) -> 3.9 | S27: =AVERAGE(E27:P27) -> 6.09 | T27: =STDEV(E27:P27) -> 1.2816786 | U27: =IF(S27<=2, "매우좋음", IF(S27<=3, "좋음", IF(S27<=4, "약간좋음", IF(S27<=5, "보통", IF(S27<=6, "약간나쁨", IF(S27<=8, "나쁨", "매우나쁨")))))) -> 나쁨
A28: 34 | C28: 신천17 | D28: 동두천시 하봉암동 340-1 인근 | E28: ='202601'!E28 -> 8.97 | F28: ='202602'!E28 -> 7.5 | G28: ='202603'!E28 -> 10.81 | H28: ='202604'!E28 -> 10.2 | I28: ='202605'!E28 -> 7.1 | J28: ='202606'!E28 -> 4.2 | K28: ='202607'!E28 -> 4.2 | L28: ='202608'!E28 -> 6.9 | M28: ='202609'!E28 -> 5.3 | Q28: =MAX(E28:P28) -> 10.81 | R28: =MIN(E28:P28) -> 4.2 | S28: =AVERAGE(E28:P28) -> 7.2422222 | T28: =STDEV(E28:P28) -> 2.4225234 | U28: =IF(S28<=2, "매우좋음", IF(S28<=3, "좋음", IF(S28<=4, "약간좋음", IF(S28<=5, "보통", IF(S28<=6, "약간나쁨", IF(S28<=8, "나쁨", "매우나쁨")))))) -> 나쁨
A29: 35 | C29: 신천17-2 | D29: 동두천시 하봉암동 327-1(하봉암교) | E29: ='202601'!E29 -> 8.06 | F29: ='202602'!E29 -> 6.9 | G29: ='202603'!E29 -> 8.67 | H29: ='202604'!E29 -> 9.7 | I29: ='202605'!E29 -> 6.1 | J29: ='202606'!E29 -> 5.1 | K29: ='202607'!E29 -> 4.6 | L29: ='202608'!E29 -> 7.5 | M29: ='202609'!E29 -> 6.1 | Q29: =MAX(E29:P29) -> 9.7 | R29: =MIN(E29:P29) -> 4.6 | S29: =AVERAGE(E29:P29) -> 6.97 | T29: =STDEV(E29:P29) -> 1.6749776 | U29: =IF(S29<=2, "매우좋음", IF(S29<=3, "좋음", IF(S29<=4, "약간좋음", IF(S29<=5, "보통", IF(S29<=6, "약간나쁨", IF(S29<=8, "나쁨", "매우나쁨")))))) -> 나쁨
A30: 36 | C30: 신천18-1 | D30: 연천군 청산면 초성리 426, 초성교(시군경계) | E30: ='202601'!E30 -> 9.1 | F30: ='202602'!E30 -> 8.5 | G30: ='202603'!E30 -> 8.6 | H30: ='202604'!E30 -> 7.8 | I30: ='202605'!E30 -> 5.9 | J30: ='202606'!E30 -> 4.9 | K30: ='202607'!E30 -> 4.09 | L30: ='202608'!E30 -> 5.6 | M30: ='202609'!E30 -> 6.6 | Q30: =MAX(E30:P30) -> 9.1 | R30: =MIN(E30:P30) -> 4.09 | S30: =AVERAGE(E30:P30) -> 6.7877778 | T30: =STDEV(E30:P30) -> 1.7910456 | U30: =IF(S30<=2, "매우좋음", IF(S30<=3, "좋음", IF(S30<=4, "약간좋음", IF(S30<=5, "보통", IF(S30<=6, "약간나쁨", IF(S30<=8, "나쁨", "매우나쁨")))))) -> 나쁨
A31: 37 | C31: 신천18 | D31: 연천군 청산면 초성리 142-5(신천교) | E31: ='202601'!E31 -> 8.9 | F31: ='202602'!E31 -> 8.2 | G31: ='202603'!E31 -> 8.6 | H31: ='202604'!E31 -> 7.5 | I31: ='202605'!E31 -> 5.6 | J31: ='202606'!E31 -> 4.8 | K31: ='202607'!E31 -> 3.99 | L31: ='202608'!E31 -> 5.4 | M31: ='202609'!E31 -> 6.4 | Q31: =MAX(E31:P31) -> 8.9 | R31: =MIN(E31:P31) -> 3.99 | S31: =AVERAGE(E31:P31) -> 6.5988889 | T31: =STDEV(E31:P31) -> 1.7745453 | U31: =IF(S31<=2, "매우좋음", IF(S31<=3, "좋음", IF(S31<=4, "약간좋음", IF(S31<=5, "보통", IF(S31<=6, "약간나쁨", IF(S31<=8, "나쁨", "매우나쁨")))))) -> 나쁨
A32: 38 | C32: 신천20 | D32: 연천군 청산면 초성리 306-5(대전교) | E32: ='202601'!E32 -> 8.2 | F32: ='202602'!E32 -> 6.5 | G32: ='202603'!E32 -> 7.3 | H32: ='202604'!E32 -> 7.3 | I32: ='202605'!E32 -> 5.4 | J32: ='202606'!E32 -> 4.4 | K32: ='202607'!E32 -> 3.85 | L32: ='202608'!E32 -> 5.7 | M32: ='202609'!E32 -> 6 | Q32: =MAX(E32:P32) -> 8.2 | R32: =MIN(E32:P32) -> 3.85 | S32: =AVERAGE(E32:P32) -> 6.0722222 | T32: =STDEV(E32:P32) -> 1.4166667 | U32: =IF(S32<=2, "매우좋음", IF(S32<=3, "좋음", IF(S32<=4, "약간좋음", IF(S32<=5, "보통", IF(S32<=6, "약간나쁨", IF(S32<=8, "나쁨", "매우나쁨")))))) -> 나쁨
A33: 39 | B33: 9)능안천 | C33: 능안천 | D33: 양주시 백석읍 방성리 205-12 | E33: ='202601'!E33 -> 25.4 | F33: ='202602'!E33 -> 6.7 | G33: ='202603'!E33 -> 10.55 | H33: ='202604'!E33 -> 22.2 | I33: ='202605'!E33 -> 11 | J33: ='202606'!E33 -> 4.6 | K33: ='202607'!E33 -> 4.4 | L33: ='202608'!E33 -> 1.3 | M33: ='202609'!E33 -> 3.92 | Q33: =MAX(E33:P33) -> 25.4 | R33: =MIN(E33:P33) -> 1.3 | S33: =AVERAGE(E33:P33) -> 10.007778 | T33: =STDEV(E33:P33) -> 8.4510972 | U33: =IF(S33<=2, "매우좋음", IF(S33<=3, "좋음", IF(S33<=4, "약간좋음", IF(S33<=5, "보통", IF(S33<=6, "약간나쁨", IF(S33<=8, "나쁨", "매우나쁨")))))) -> 매우나쁨
A34: 44 | B34: 10)효촌천 | C34: 효촌천 | D34: 양주시 남면 상수리 264 | E34: ='202601'!E34 -> 18.4 | F34: ='202602'!E34 -> 4.7 | G34: ='202603'!E34 -> 11.51 | H34: ='202604'!E34 -> 15.3 | I34: ='202605'!E34 -> 13 | J34: ='202606'!E34 -> 5 | K34: ='202607'!E34 -> 6.1 | L34: ='202608'!E34 -> 7.8 | M34: ='202609'!E34 -> 29.35 | Q34: =MAX(E34:P34) -> 29.35 | R34: =MIN(E34:P34) -> 4.7 | S34: =AVERAGE(E34:P34) -> 12.351111 | T34: =STDEV(E34:P34) -> 7.9666735 | U34: =IF(S34<=2, "매우좋음", IF(S34<=3, "좋음", IF(S34<=4, "약간좋음", IF(S34<=5, "보통", IF(S34<=6, "약간나쁨", IF(S34<=8, "나쁨", "매우나쁨")))))) -> 매우나쁨
A35: 46 | B35: 11)덕계천 | C35: 덕계천-하 | D35: 양주시 회정동 317-4 | E35: ='202601'!E35 -> 4 | F35: ='202602'!E35 -> 3.5 | G35: ='202603'!E35 -> 2.7 | H35: ='202604'!E35 -> 19.3 | I35: ='202605'!E35 -> 2.7 | J35: ='202606'!E35 -> 2 | K35: ='202607'!E35 -> 3.2 | L35: ='202608'!E35 -> 0.9 | M35: ='202609'!E35 -> 2.93 | Q35: =MAX(E35:P35) -> 19.3 | R35: =MIN(E35:P35) -> 0.9 | S35: =AVERAGE(E35:P35) -> 4.5811111 | T35: =STDEV(E35:P35) -> 5.5910161 | U35: =IF(S35<=2, "매우좋음", IF(S35<=3, "좋음", IF(S35<=4, "약간좋음", IF(S35<=5, "보통", IF(S35<=6, "약간나쁨", IF(S35<=8, "나쁨", "매우나쁨")))))) -> 보통
A36: 47 | B36: 12)마개미천 | C36: 마개미천 | D36: 양주시 덕계동 169-17 | E36: ='202601'!E36 -> 14.9 | F36: ='202602'!E36 -> 5.6 | G36: ='202603'!E36 -> 4.76 | H36: ='202604'!E36 -> 8.4 | I36: ='202605'!E36 -> 5.8 | J36: ='202606'!E36 -> 2 | K36: ='202607'!E36 -> 3.8 | L36: ='202608'!E36 -> 0.7 | M36: ='202609'!E36 -> 1.87 | Q36: =MAX(E36:P36) -> 14.9 | R36: =MIN(E36:P36) -> 0.7 | S36: =AVERAGE(E36:P36) -> 5.3144444 | T36: =STDEV(E36:P36) -> 4.3079087 | U36: =IF(S36<=2, "매우좋음", IF(S36<=3, "좋음", IF(S36<=4, "약간좋음", IF(S36<=5, "보통", IF(S36<=6, "약간나쁨", IF(S36<=8, "나쁨", "매우나쁨")))))) -> 약간나쁨
A37: 49 | B37: 13)회암천 | C37: 회암천_중 | D37: 양주시 옥정동로 율정초교 앞 | E37: ='202601'!E37 -> 6.1 | F37: ='202602'!E37 -> 5 | G37: ='202603'!E37 -> 5.43 | H37: ='202604'!E37 -> 5.4 | I37: ='202605'!E37 -> 4.8 | J37: ='202606'!E37 -> 3.4 | K37: ='202607'!E37 -> 3.4 | L37: ='202608'!E37 -> 3.7 | M37: ='202609'!E37 -> 5.31 | Q37: =MAX(E37:P37) -> 6.1 | R37: =MIN(E37:P37) -> 3.4 | S37: =AVERAGE(E37:P37) -> 4.7266667 | T37: =STDEV(E37:P37) -> 0.9892295 | U37: =IF(S37<=2, "매우좋음", IF(S37<=3, "좋음", IF(S37<=4, "약간좋음", IF(S37<=5, "보통", IF(S37<=6, "약간나쁨", IF(S37<=8, "나쁨", "매우나쁨")))))) -> 보통
A38: 50 | B38: 14)청담천 | C38: 청담천 | D38: 양주시 고암동 211-1 | E38: ='202601'!E38 -> 2.7 | F38: ='202602'!E38 -> 2.7 | G38: ='202603'!E38 -> 3.7 | H38: ='202604'!E38 -> 2.9 | I38: ='202605'!E38 -> 3.6 | J38: ='202606'!E38 -> 3.6 | K38: ='202607'!E38 -> 2.9 | L38: ='202608'!E38 -> 1.2 | M38: ='202609'!E38 -> 2.95 | Q38: =MAX(E38:P38) -> 3.7 | R38: =MIN(E38:P38) -> 1.2 | S38: =AVERAGE(E38:P38) -> 2.9166667 | T38: =STDEV(E38:P38) -> 0.75746287 | U38: =IF(S38<=2, "매우좋음", IF(S38<=3, "좋음", IF(S38<=4, "약간좋음", IF(S38<=5, "보통", IF(S38<=6, "약간나쁨", IF(S38<=8, "나쁨", "매우나쁨")))))) -> 좋음
B39: 15)상패천 | C39: 상패천 | D39: 동두천시 상패동 307-7 인근 (강변교 아래) (신천 합류 전) | E39: ='202601'!E39 -> 3.15 | F39: ='202602'!E39 -> 3.7 | G39: ='202603'!E39 -> 4.89 | H39: ='202604'!E39 -> 7.4 | I39: ='202605'!E39 -> 20.1 | J39: ='202606'!E39 -> 5.3 | K39: ='202607'!E39 -> 3.9 | L39: ='202608'!E39 -> 6.6 | M39: ='202609'!E39 -> 3.7 | Q39: =MAX(E39:P39) -> 20.1 | R39: =MIN(E39:P39) -> 3.15 | S39: =AVERAGE(E39:P39) -> 6.5266667 | T39: =STDEV(E39:P39) -> 5.2852176 | U39: =IF(S39<=2, "매우좋음", IF(S39<=3, "좋음", IF(S39<=4, "약간좋음", IF(S39<=5, "보통", IF(S39<=6, "약간나쁨", IF(S39<=8, "나쁨", "매우나쁨")))))) -> 나쁨

Sheet 26년 월별 BOD 현황
A1: 2026년 월별 BOD 현황
A2: 연번 | B2: 하천명 | C2: 시료번호 | D2: 주 소 | E2: 1월 | F2: 2월 | G2: 3월 | H2: 4월 | I2: 5월 | J2: 6월 | K2: 7월 | L2: 8월 | M2: 9월 | N2: 10월 | O2: 11월 | P2: 12월 | Q2: 최대 | R2: 최소 | S2: 평균 | T2: 편차 | U2: 생활환경 기준등급
A3: 2 | B3: 1)한탄강 | C3: 한탄강1 | D3: 포천시 창수면 운산리 영로교 아래 | E3: ='202601'!G3 -> 1.5 | F3: ='202602'!G3 -> 2.4 | G3: ='202603'!G3 -> 2.8 | H3: ='202604'!G3 -> 0.5 | I3: ='202605'!G3 -> 0.7 | J3: ='202606'!G3 -> 2.3 | K3: ='202607'!G3 -> 1.1 | L3: ='202608'!G3 -> 1.5 | M3: ='202609'!G3 -> 1.5 | Q3: =MAX(E3:P3) -> 2.8 | R3: =MIN(E3:P3) -> 0.5 | S3: =AVERAGE(E3:P3) -> 1.5888889 | T3: =STDEV(E3:P3) -> 0.78013532 | U3: =IF(S3<=1, "매우좋음", IF(S3<=2, "좋음", IF(S3<=3, "약간좋음", IF(S3<=5, "보통", IF(S3<=8, "약간나쁨", IF(S3<=10, "나쁨", "매우나쁨")))))) -> 좋음
A4: 3 | C4: 한탄강 연1 | D4: 연천군 전곡읍 신답리 1(영평천 합류전) | E4: ='202601'!G4 -> 1 | F4: ='202602'!G4 -> 0.8 | G4: ='202603'!G4 -> 1.8 | H4: ='202604'!G4 -> 2 | I4: ='202605'!G4 -> 2.3 | J4: ='202606'!G4 -> 1.7 | K4: ='202607'!G4 -> 1.5 | L4: ='202608'!G4 -> 1.2 | M4: ='202609'!G4 -> 1.6 | Q4: =MAX(E4:P4) -> 2.3 | R4: =MIN(E4:P4) -> 0.8 | S4: =AVERAGE(E4:P4) -> 1.5444444 | T4: =STDEV(E4:P4) -> 0.47987267 | U4: =IF(S4<=1, "매우좋음", IF(S4<=2, "좋음", IF(S4<=3, "약간좋음", IF(S4<=5, "보통", IF(S4<=8, "약간나쁨", IF(S4<=10, "나쁨", "매우나쁨")))))) -> 좋음
A5: 4 | C5: 한탄강 연2 | D5: 연천군 청산면 궁평리 561-1(영평천 합류후) | E5: ='202601'!G5 -> 1.2 | F5: ='202602'!G5 -> 0.9 | G5: ='202603'!G5 -> 1.9 | H5: ='202604'!G5 -> 2.1 | I5: ='202605'!G5 -> 2.4 | J5: ='202606'!G5 -> 1.3 | K5: ='202607'!G5 -> 1.4 | L5: ='202608'!G5 -> 1.4 | M5: ='202609'!G5 -> 2.2 | Q5: =MAX(E5:P5) -> 2.4 | R5: =MIN(E5:P5) -> 0.9 | S5: =AVERAGE(E5:P5) -> 1.6444444 | T5: =STDEV(E5:P5) -> 0.51747249 | U5: =IF(S5<=1, "매우좋음", IF(S5<=2, "좋음", IF(S5<=3, "약간좋음", IF(S5<=5, "보통", IF(S5<=8, "약간나쁨", IF(S5<=10, "나쁨", "매우나쁨")))))) -> 좋음
A6: 8 | C6: 한탄강 연4 | D6: 연천군 전곡읍 전곡리 681-2(세월교)_색도 목표지점 | E6: ='202601'!G6 -> 1.5 | F6: ='202602'!G6 -> 1.3 | G6: ='202603'!G6 -> 1.9 | H6: ='202604'!G6 -> 3.1 | I6: ='202605'!G6 -> 3.3 | J6: ='202606'!G6 -> 2.1 | K6: ='202607'!G6 -> 1.5 | L6: ='202608'!G6 -> 1.4 | M6: ='202609'!G6 -> 0.9 | Q6: =MAX(E6:P6) -> 3.3 | R6: =MIN(E6:P6) -> 0.9 | S6: =AVERAGE(E6:P6) -> 1.8888889 | T6: =STDEV(E6:P6) -> 0.81921372 | U6: =IF(S6<=1, "매우좋음", IF(S6<=2, "좋음", IF(S6<=3, "약간좋음", IF(S6<=5, "보통", IF(S6<=8, "약간나쁨", IF(S6<=10, "나쁨", "매우나쁨")))))) -> 좋음
A7: 10 | B7: 2)포천천 | C7: 포천천1 | D7: 포천시 소흘읍 무봉리 이동교리교 (포천천 상류,부인터사거리 뒤) | E7: ='202601'!G7 -> 1.3 | F7: ='202602'!G7 -> 1.9 | G7: ='202603'!G7 -> 2.7 | H7: ='202604'!G7 -> 0.8 | I7: ='202605'!G7 -> 1.2 | J7: ='202606'!G7 -> 3.4 | K7: ='202607'!G7 -> 0.7 | L7: ='202608'!G7 -> 1.1 | M7: ='202609'!G7 -> 1.9 | Q7: =MAX(E7:P7) -> 3.4 | R7: =MIN(E7:P7) -> 0.7 | S7: =AVERAGE(E7:P7) -> 1.6666667 | T7: =STDEV(E7:P7) -> 0.90415707 | U7: =IF(S7<=1, "매우좋음", IF(S7<=2, "좋음", IF(S7<=3, "약간좋음", IF(S7<=5, "보통", IF(S7<=8, "약간나쁨", IF(S7<=10, "나쁨", "매우나쁨")))))) -> 좋음
A8: 11 | C8: 포천천2 | D8: 포천시 신읍동 한내교 아래(실제 가스충전소 뒤 / 중류) | E8: ='202601'!G8 -> 1.5 | F8: ='202602'!G8 -> 2.1 | G8: ='202603'!G8 -> 2.5 | H8: ='202604'!G8 -> 0.7 | I8: ='202605'!G8 -> 3 | J8: ='202606'!G8 -> 3 | K8: ='202607'!G8 -> 1.1 | L8: ='202608'!G8 -> 1.4 | M8: ='202609'!G8 -> 2.1 | Q8: =MAX(E8:P8) -> 3 | R8: =MIN(E8:P8) -> 0.7 | S8: =AVERAGE(E8:P8) -> 1.9333333 | T8: =STDEV(E8:P8) -> 0.81700673 | U8: =IF(S8<=1, "매우좋음", IF(S8<=2, "좋음", IF(S8<=3, "약간좋음", IF(S8<=5, "보통", IF(S8<=8, "약간나쁨", IF(S8<=10, "나쁨", "매우나쁨")))))) -> 좋음
A9: 12 | C9: 포천천3 | D9: 포천시 영중면 거사3리 농본교(포천천 하류) | E9: ='202601'!G9 -> 1.7 | F9: ='202602'!G9 -> 2.2 | G9: ='202603'!G9 -> 2.9 | H9: ='202604'!G9 -> 1.8 | I9: ='202605'!G9 -> 2.8 | J9: ='202606'!G9 -> 2.4 | K9: ='202607'!G9 -> 0.7 | L9: ='202608'!G9 -> 1.5 | M9: ='202609'!G9 -> 6 | Q9: =MAX(E9:P9) -> 6 | R9: =MIN(E9:P9) -> 0.7 | S9: =AVERAGE(E9:P9) -> 2.4444444 | T9: =STDEV(E9:P9) -> 1.4975907 | U9: =IF(S9<=1, "매우좋음", IF(S9<=2, "좋음", IF(S9<=3, "약간좋음", IF(S9<=5, "보통", IF(S9<=8, "약간나쁨", IF(S9<=10, "나쁨", "매우나쁨")))))) -> 약간좋음
A10: 13 | B10: 3)금현천 | C10: 금현천 | D10: 포천시 가산면 마산리 금현천교 아래(세창아파트 뒤) | E10: ='202601'!G10 -> 2.3 | F10: ='202602'!G10 -> 2.2 | G10: ='202603'!G10 -> 3.4 | H10: ='202604'!G10 -> 1.2 | I10: ='202605'!G10 -> 2.2 | J10: ='202606'!G10 -> 3.5 | K10: ='202607'!G10 -> 0.7 | L10: ='202608'!G10 -> 1.2 | M10: ='202609'!G10 -> 3.6 | Q10: =MAX(E10:P10) -> 3.6 | R10: =MIN(E10:P10) -> 0.7 | S10: =AVERAGE(E10:P10) -> 2.2555556 | T10: =STDEV(E10:P10) -> 1.0794803 | U10: =IF(S10<=1, "매우좋음", IF(S10<=2, "좋음", IF(S10<=3, "약간좋음", IF(S10<=5, "보통", IF(S10<=8, "약간나쁨", IF(S10<=10, "나쁨", "매우나쁨")))))) -> 약간좋음
A11: 14 | B11: 4)송우천 | C11: 송우천 | D11: 포천시 송우리 641-92(송우교 아래) | E11: ='202601'!G11 -> 2.8 | F11: ='202602'!G11 -> 2.1 | G11: ='202603'!G11 -> 2.3 | H11: ='202604'!G11 -> 1.5 | I11: ='202605'!G11 -> 1.2 | J11: ='202606'!G11 -> 2 | K11: ='202607'!G11 -> 0.6 | L11: ='202608'!G11 -> 1.3 | M11: ='202609'!G11 -> 2.3 | Q11: =MAX(E11:P11) -> 2.8 | R11: =MIN(E11:P11) -> 0.6 | S11: =AVERAGE(E11:P11) -> 1.7888889 | T11: =STDEV(E11:P11) -> 0.68637534 | U11: =IF(S11<=1, "매우좋음", IF(S11<=2, "좋음", IF(S11<=3, "약간좋음", IF(S11<=5, "보통", IF(S11<=8, "약간나쁨", IF(S11<=10, "나쁨", "매우나쁨")))))) -> 좋음 | W11: 1
A12: 17 | B12: 5)영평천 | C12: 영평천1 | D12: 포천시 이동면 노곡리 낭유대교 아래(영평천 상류) | E12: ='202601'!G12 -> 1.7 | F12: ='202602'!G12 -> 1.2 | G12: ='202603'!G12 -> 2.2 | H12: ='202604'!G12 -> 0.6 | I12: ='202605'!G12 -> 2.9 | J12: ='202606'!G12 -> 1.1 | K12: ='202607'!G12 -> 1.5 | L12: ='202608'!G12 -> 1.3 | M12: ='202609'!G12 -> 3.8 | Q12: =MAX(E12:P12) -> 3.8 | R12: =MIN(E12:P12) -> 0.6 | S12: =AVERAGE(E12:P12) -> 1.8111111 | T12: =STDEV(E12:P12) -> 1.0005554 | U12: =IF(S12<=1, "매우좋음", IF(S12<=2, "좋음", IF(S12<=3, "약간좋음", IF(S12<=5, "보통", IF(S12<=8, "약간나쁨", IF(S12<=10, "나쁨", "매우나쁨")))))) -> 좋음
A13: 18 | C13: 영평천2 | D13: 포천시 영중면 성동리 와룡교 아래(수입천 합류 후) | E13: ='202601'!G13 -> 1.4 | F13: ='202602'!G13 -> 1.1 | G13: ='202603'!G13 -> 2 | H13: ='202604'!G13 -> 0.5 | I13: ='202605'!G13 -> 0.8 | J13: ='202606'!G13 -> 2.1 | K13: ='202607'!G13 -> 0.7 | L13: ='202608'!G13 -> 1.1 | M13: ='202609'!G13 -> 2.9 | Q13: =MAX(E13:P13) -> 2.9 | R13: =MIN(E13:P13) -> 0.5 | S13: =AVERAGE(E13:P13) -> 1.4 | T13: =STDEV(E13:P13) -> 0.78581168 | U13: =IF(S13<=1, "매우좋음", IF(S13<=2, "좋음", IF(S13<=3, "약간좋음", IF(S13<=5, "보통", IF(S13<=8, "약간나쁨", IF(S13<=10, "나쁨", "매우나쁨")))))) -> 좋음
A14: 20 | C14: 영평천3 | D14: 포천시 영중면 영송리 영평교 아래(포천천 합류 후) | E14: ='202601'!G14 -> 1.9 | F14: ='202602'!G14 -> 1 | G14: ='202603'!G14 -> 2 | H14: ='202604'!G14 -> 0.5 | I14: ='202605'!G14 -> 1.4 | J14: ='202606'!G14 -> 1.1 | K14: ='202607'!G14 -> 0.7 | L14: ='202608'!G14 -> 1.2 | M14: ='202609'!G14 -> 3.3 | Q14: =MAX(E14:P14) -> 3.3 | R14: =MIN(E14:P14) -> 0.5 | S14: =AVERAGE(E14:P14) -> 1.4555556 | T14: =STDEV(E14:P14) -> 0.85016338 | U14: =IF(S14<=1, "매우좋음", IF(S14<=2, "좋음", IF(S14<=3, "약간좋음", IF(S14<=5, "보통", IF(S14<=8, "약간나쁨", IF(S14<=10, "나쁨", "매우나쁨")))))) -> 좋음
A15: 21 | C15: 영평천4 | D15: 포천시 창수면 오가리 오가교 아래(외북천 합류 후) | E15: ='202601'!G15 -> 1.4 | F15: ='202602'!G15 -> 1.4 | G15: ='202603'!G15 -> 1.6 | H15: ='202604'!G15 -> 0.7 | I15: ='202605'!G15 -> 0.9 | J15: ='202606'!G15 -> 1.1 | K15: ='202607'!G15 -> 0.5 | L15: ='202608'!G15 -> 1.3 | M15: ='202609'!G15 -> 3 | Q15: =MAX(E15:P15) -> 3 | R15: =MIN(E15:P15) -> 0.5 | S15: =AVERAGE(E15:P15) -> 1.3222222 | T15: =STDEV(E15:P15) -> 0.72418537 | U15: =IF(S15<=1, "매우좋음", IF(S15<=2, "좋음", IF(S15<=3, "약간좋음", IF(S15<=5, "보통", IF(S15<=8, "약간나쁨", IF(S15<=10, "나쁨", "매우나쁨")))))) -> 좋음
A16: 22 | C16: 영평천5 | D16: 포천시 창수면 고소성리 백의교(포천-연천 경계 / 영평천 하류) | E16: ='202601'!G16 -> 2 | F16: ='202602'!G16 -> 1.3 | G16: ='202603'!G16 -> 2.1 | H16: ='202604'!G16 -> 0.6 | I16: ='202605'!G16 -> 0.5 | J16: ='202606'!G16 -> 1.9 | K16: ='202607'!G16 -> 0.6 | L16: ='202608'!G16 -> 1.3 | M16: ='202609'!G16 -> 2.7 | Q16: =MAX(E16:P16) -> 2.7 | R16: =MIN(E16:P16) -> 0.5 | S16: =AVERAGE(E16:P16) -> 1.4444444 | T16: =STDEV(E16:P16) -> 0.78120278 | U16: =IF(S16<=1, "매우좋음", IF(S16<=2, "좋음", IF(S16<=3, "약간좋음", IF(S16<=5, "보통", IF(S16<=8, "약간나쁨", IF(S16<=10, "나쁨", "매우나쁨")))))) -> 좋음
A17: 23 | B17: 6)외북천 | C17: 외북천2 | D17: 포천시 영중면 영송리 통일교 아래(외북천 중류) | E17: ='202601'!G17 -> 2 | F17: ='202602'!G17 -> 2.8 | G17: ='202603'!G17 -> 5.1 | H17: ='202604'!G17 -> 2.3 | I17: ='202605'!G17 -> 5.1 | J17: ='202606'!G17 -> 4 | K17: ='202607'!G17 -> 0.9 | L17: ='202608'!G17 -> 1.9 | M17: ='202609'!G17 -> 3.8 | Q17: =MAX(E17:P17) -> 5.1 | R17: =MIN(E17:P17) -> 0.9 | S17: =AVERAGE(E17:P17) -> 3.1 | T17: =STDEV(E17:P17) -> 1.4798649 | U17: =IF(S17<=1, "매우좋음", IF(S17<=2, "좋음", IF(S17<=3, "약간좋음", IF(S17<=5, "보통", IF(S17<=8, "약간나쁨", IF(S17<=10, "나쁨", "매우나쁨")))))) -> 보통
A18: 24 | C18: 외북천3 | D18: 포천시 영중면 영송리 두엄바이오 앞 (외북천 하류) | E18: ='202601'!G18 -> 2.4 | F18: ='202602'!G18 -> 3.2 | G18: ='202603'!G18 -> 5 | H18: ='202604'!G18 -> 2.3 | I18: ='202605'!G18 -> 5.8 | J18: ='202606'!G18 -> 5.1 | K18: ='202607'!G18 -> 0.9 | L18: ='202608'!G18 -> 2.1 | M18: ='202609'!G18 -> 4.8 | Q18: =MAX(E18:P18) -> 5.8 | R18: =MIN(E18:P18) -> 0.9 | S18: =AVERAGE(E18:P18) -> 3.5111111 | T18: =STDEV(E18:P18) -> 1.704732 | U18: =IF(S18<=1, "매우좋음", IF(S18<=2, "좋음", IF(S18<=3, "약간좋음", IF(S18<=5, "보통", IF(S18<=8, "약간나쁨", IF(S18<=10, "나쁨", "매우나쁨")))))) -> 보통
A19: 25 | B19: 7)수입천 | C19: 수입천 | D19: 포천시 일동면 사직리 1390-5(일이동처리장 입구) | E19: ='202601'!G19 -> 1.6 | F19: ='202602'!G19 -> 1.7 | G19: ='202603'!G19 -> 2.1 | H19: ='202604'!G19 -> 2.1 | I19: ='202605'!G19 -> 0.6 | J19: ='202606'!G19 -> 1.9 | K19: ='202607'!G19 -> 1 | L19: ='202608'!G19 -> 1.6 | M19: ='202609'!G19 -> 3.3 | Q19: =MAX(E19:P19) -> 3.3 | R19: =MIN(E19:P19) -> 0.6 | S19: =AVERAGE(E19:P19) -> 1.7666667 | T19: =STDEV(E19:P19) -> 0.75828754 | U19: =IF(S19<=1, "매우좋음", IF(S19<=2, "좋음", IF(S19<=3, "약간좋음", IF(S19<=5, "보통", IF(S19<=8, "약간나쁨", IF(S19<=10, "나쁨", "매우나쁨")))))) -> 좋음
A20: 26 | B20: 8)신천 | C20: 신천1 | D20: 양주시 백석읍 오산리 137-2(신천-오산리_방성천 합류 전) | E20: ='202601'!G20 -> 9.1 | F20: ='202602'!G20 -> 2.3 | G20: ='202603'!G20 -> 2.2 | H20: ='202604'!G20 -> 1.9 | I20: ='202605'!G20 -> 3.6 | J20: ='202606'!G20 -> 3.6 | K20: ='202607'!G20 -> 1.8 | L20: ='202608'!G20 -> 1.5 | M20: ='202609'!G20 -> 1.8 | Q20: =MAX(E20:P20) -> 9.1 | R20: =MIN(E20:P20) -> 1.5 | S20: =AVERAGE(E20:P20) -> 3.0888889 | T20: =STDEV(E20:P20) -> 2.3803594 | U20: =IF(S20<=1, "매우좋음", IF(S20<=2, "좋음", IF(S20<=3, "약간좋음", IF(S20<=5, "보통", IF(S20<=8, "약간나쁨", IF(S20<=10, "나쁨", "매우나쁨")))))) -> 보통
A21: 27 | C21: 신천5 | D21: 양주시 광적면 가납리 710(신천-우고천 합류 후) | E21: ='202601'!G21 -> 1.3 | F21: ='202602'!G21 -> 2.3 | G21: ='202603'!G21 -> 3.2 | H21: ='202604'!G21 -> 3.1 | I21: ='202605'!G21 -> 4.8 | J21: ='202606'!G21 -> 4.5 | K21: ='202607'!G21 -> 1.8 | L21: ='202608'!G21 -> 1.5 | M21: ='202609'!G21 -> 6.6 | Q21: =MAX(E21:P21) -> 6.6 | R21: =MIN(E21:P21) -> 1.3 | S21: =AVERAGE(E21:P21) -> 3.2333333 | T21: =STDEV(E21:P21) -> 1.7705931 | U21: =IF(S21<=1, "매우좋음", IF(S21<=2, "좋음", IF(S21<=3, "약간좋음", IF(S21<=5, "보통", IF(S21<=8, "약간나쁨", IF(S21<=10, "나쁨", "매우나쁨")))))) -> 보통
A22: 28 | C22: 신천중류 | D22: 양주시 남면 상수리 104-39(입암천 합류 전) | E22: ='202601'!G22 -> 4.7 | F22: ='202602'!G22 -> 2.5 | G22: ='202603'!G22 -> 3.6 | H22: ='202604'!G22 -> 5.7 | I22: ='202605'!G22 -> 8 | J22: ='202606'!G22 -> 3.9 | K22: ='202607'!G22 -> 2.4 | L22: ='202608'!G22 -> 4.1 | M22: ='202609'!G22 -> 1.2 | Q22: =MAX(E22:P22) -> 8 | R22: =MIN(E22:P22) -> 1.2 | S22: =AVERAGE(E22:P22) -> 4.0111111 | T22: =STDEV(E22:P22) -> 2.0065172 | U22: =IF(S22<=1, "매우좋음", IF(S22<=2, "좋음", IF(S22<=3, "약간좋음", IF(S22<=5, "보통", IF(S22<=8, "약간나쁨", IF(S22<=10, "나쁨", "매우나쁨")))))) -> 보통
A23: 29 | C23: 신천9 | D23: 양주시 은현면 운암리 60-15(은현교) | E23: ='202601'!G23 -> 3.6 | F23: ='202602'!G23 -> 2.4 | G23: ='202603'!G23 -> 3.9 | H23: ='202604'!G23 -> 3.2 | I23: ='202605'!G23 -> 6 | J23: ='202606'!G23 -> 4.8 | K23: ='202607'!G23 -> 1.9 | L23: ='202608'!G23 -> 2.3 | M23: ='202609'!G23 -> 1 | Q23: =MAX(E23:P23) -> 6 | R23: =MIN(E23:P23) -> 1 | S23: =AVERAGE(E23:P23) -> 3.2333333 | T23: =STDEV(E23:P23) -> 1.5419144 | U23: =IF(S23<=1, "매우좋음", IF(S23<=2, "좋음", IF(S23<=3, "약간좋음", IF(S23<=5, "보통", IF(S23<=8, "약간나쁨", IF(S23<=10, "나쁨", "매우나쁨")))))) -> 보통
A24: 30 | C24: 용암교 | D24: 양주시 은현면 용암리 241-1(구 세월교) | E24: ='202601'!G24 -> 3 | F24: ='202602'!G24 -> 2.1 | G24: ='202603'!G24 -> 2.9 | H24: ='202604'!G24 -> 4.7 | I24: ='202605'!G24 -> 4.7 | J24: ='202606'!G24 -> 3.8 | K24: ='202607'!G24 -> 0.9 | L24: ='202608'!G24 -> 1.6 | M24: ='202609'!G24 -> 3.3 | Q24: =MAX(E24:P24) -> 4.7 | R24: =MIN(E24:P24) -> 0.9 | S24: =AVERAGE(E24:P24) -> 3 | T24: =STDEV(E24:P24) -> 1.3086252 | U24: =IF(S24<=1, "매우좋음", IF(S24<=2, "좋음", IF(S24<=3, "약간좋음", IF(S24<=5, "보통", IF(S24<=8, "약간나쁨", IF(S24<=10, "나쁨", "매우나쁨")))))) -> 약간좋음
A25: 31 | C25: 신천11 | D25: 양주시 은현면 용암리 240-1(위생환경사업소앞) | E25: ='202601'!G25 -> 2.8 | F25: ='202602'!G25 -> 2.1 | G25: ='202603'!G25 -> 2.9 | H25: ='202604'!G25 -> 4 | I25: ='202605'!G25 -> 6.2 | J25: ='202606'!G25 -> 3.4 | K25: ='202607'!G25 -> 2.2 | L25: ='202608'!G25 -> 3.6 | M25: ='202609'!G25 -> 1.6 | Q25: =MAX(E25:P25) -> 6.2 | R25: =MIN(E25:P25) -> 1.6 | S25: =AVERAGE(E25:P25) -> 3.2 | T25: =STDEV(E25:P25) -> 1.3629013 | U25: =IF(S25<=1, "매우좋음", IF(S25<=2, "좋음", IF(S25<=3, "약간좋음", IF(S25<=5, "보통", IF(S25<=8, "약간나쁨", IF(S25<=10, "나쁨", "매우나쁨")))))) -> 보통
A26: 32 | C26: 신천13 | D26: 동두천시 송내동 651-3(현대아이파크 앞) | E26: ='202601'!G26 -> 2.3 | F26: ='202602'!G26 -> 2.1 | G26: ='202603'!G26 -> 4.1 | H26: ='202604'!G26 -> 4.9 | I26: ='202605'!G26 -> 6.1 | J26: ='202606'!G26 -> 4.4 | K26: ='202607'!G26 -> 4.3 | L26: ='202608'!G26 -> 2.3 | M26: ='202609'!G26 -> 1.9 | Q26: =MAX(E26:P26) -> 6.1 | R26: =MIN(E26:P26) -> 1.9 | S26: =AVERAGE(E26:P26) -> 3.6 | T26: =STDEV(E26:P26) -> 1.4933185 | U26: =IF(S26<=1, "매우좋음", IF(S26<=2, "좋음", IF(S26<=3, "약간좋음", IF(S26<=5, "보통", IF(S26<=8, "약간나쁨", IF(S26<=10, "나쁨", "매우나쁨")))))) -> 보통
A27: 33 | C27: 신천15 | D27: 동두천시 보산동 429-48 인근 진검다리 | E27: ='202601'!G27 -> 5 | F27: ='202602'!G27 -> 3.9 | G27: ='202603'!G27 -> 5 | H27: ='202604'!G27 -> 6.8 | I27: ='202605'!G27 -> 2.7 | J27: ='202606'!G27 -> 4.5 | K27: ='202607'!G27 -> 3.7 | L27: ='202608'!G27 -> 3 | M27: ='202609'!G27 -> 3 | Q27: =MAX(E27:P27) -> 6.8 | R27: =MIN(E27:P27) -> 2.7 | S27: =AVERAGE(E27:P27) -> 4.1777778 | T27: =STDEV(E27:P27) -> 1.3036274 | U27: =IF(S27<=1, "매우좋음", IF(S27<=2, "좋음", IF(S27<=3, "약간좋음", IF(S27<=5, "보통", IF(S27<=8, "약간나쁨", IF(S27<=10, "나쁨", "매우나쁨")))))) -> 보통
A28: 34 | C28: 신천17 | D28: 동두천시 하봉암동 340-1 인근 | E28: ='202601'!G28 -> 4.1 | F28: ='202602'!G28 -> 2.5 | G28: ='202603'!G28 -> 4.2 | H28: ='202604'!G28 -> 2.8 | I28: ='202605'!G28 -> 3.9 | J28: ='202606'!G28 -> 5.7 | K28: ='202607'!G28 -> 3.4 | L28: ='202608'!G28 -> 3.9 | M28: ='202609'!G28 -> 3.9 | Q28: =MAX(E28:P28) -> 5.7 | R28: =MIN(E28:P28) -> 2.5 | S28: =AVERAGE(E28:P28) -> 3.8222222 | T28: =STDEV(E28:P28) -> 0.91757531 | U28: =IF(S28<=1, "매우좋음", IF(S28<=2, "좋음", IF(S28<=3, "약간좋음", IF(S28<=5, "보통", IF(S28<=8, "약간나쁨", IF(S28<=10, "나쁨", "매우나쁨")))))) -> 보통
A29: 35 | C29: 신천17-2 | D29: 동두천시 하봉암동 327-1(하봉암교) | E29: ='202601'!G29 -> 6.2 | F29: ='202602'!G29 -> 3 | G29: ='202603'!G29 -> 5.6 | H29: ='202604'!G29 -> 2.5 | I29: ='202605'!G29 -> 4.7 | J29: ='202606'!G29 -> 4.6 | K29: ='202607'!G29 -> 4 | L29: ='202608'!G29 -> 3.5 | M29: ='202609'!G29 -> 3.5 | Q29: =MAX(E29:P29) -> 6.2 | R29: =MIN(E29:P29) -> 2.5 | S29: =AVERAGE(E29:P29) -> 4.1777778 | T29: =STDEV(E29:P29) -> 1.2101423 | U29: =IF(S29<=1, "매우좋음", IF(S29<=2, "좋음", IF(S29<=3, "약간좋음", IF(S29<=5, "보통", IF(S29<=8, "약간나쁨", IF(S29<=10, "나쁨", "매우나쁨")))))) -> 보통
A30: 36 | C30: 신천18-1 | D30: 연천군 청산면 초성리 426, 초성교(시군경계) | E30: ='202601'!G30 -> 6.1 | F30: ='202602'!G30 -> 2.7 | G30: ='202603'!G30 -> 4.9 | H30: ='202604'!G30 -> 9.6 | I30: ='202605'!G30 -> 6 | J30: ='202606'!G30 -> 1.2 | K30: ='202607'!G30 -> 2.9 | L30: ='202608'!G30 -> 3.3 | M30: ='202609'!G30 -> 3.3 | Q30: =MAX(E30:P30) -> 9.6 | R30: =MIN(E30:P30) -> 1.2 | S30: =AVERAGE(E30:P30) -> 4.4444444 | T30: =STDEV(E30:P30) -> 2.5130216 | U30: =IF(S30<=1, "매우좋음", IF(S30<=2, "좋음", IF(S30<=3, "약간좋음", IF(S30<=5, "보통", IF(S30<=8, "약간나쁨", IF(S30<=10, "나쁨", "매우나쁨")))))) -> 보통
A31: 37 | C31: 신천18 | D31: 연천군 청산면 초성리 142-5(신천교) | E31: ='202601'!G31 -> 6.5 | F31: ='202602'!G31 -> 2.5 | G31: ='202603'!G31 -> 6.8 | H31: ='202604'!G31 -> 4.6 | I31: ='202605'!G31 -> 4.8 | J31: ='202606'!G31 -> 1.8 | K31: ='202607'!G31 -> 2.1 | L31: ='202608'!G31 -> 3 | M31: ='202609'!G31 -> 3 | Q31: =MAX(E31:P31) -> 6.8 | R31: =MIN(E31:P31) -> 1.8 | S31: =AVERAGE(E31:P31) -> 3.9 | T31: =STDEV(E31:P31) -> 1.8607794 | U31: =IF(S31<=1, "매우좋음", IF(S31<=2, "좋음", IF(S31<=3, "약간좋음", IF(S31<=5, "보통", IF(S31<=8, "약간나쁨", IF(S31<=10, "나쁨", "매우나쁨")))))) -> 보통
A32: 38 | C32: 신천20 | D32: 연천군 청산면 초성리 306-5(대전교) | E32: ='202601'!G32 -> 4.2 | F32: ='202602'!G32 -> 2.5 | G32: ='202603'!G32 -> 4 | H32: ='202604'!G32 -> 3 | I32: ='202605'!G32 -> 4.4 | J32: ='202606'!G32 -> 1.5 | K32: ='202607'!G32 -> 2.2 | L32: ='202608'!G32 -> 3 | M32: ='202609'!G32 -> 3 | Q32: =MAX(E32:P32) -> 4.4 | R32: =MIN(E32:P32) -> 1.5 | S32: =AVERAGE(E32:P32) -> 3.0888889 | T32: =STDEV(E32:P32) -> 0.96623554 | U32: =IF(S32<=1, "매우좋음", IF(S32<=2, "좋음", IF(S32<=3, "약간좋음", IF(S32<=5, "보통", IF(S32<=8, "약간나쁨", IF(S32<=10, "나쁨", "매우나쁨")))))) -> 보통
A33: 39 | B33: 9)능안천 | C33: 능안천 | D33: 양주시 백석읍 방성리 205-12 | E33: ='202601'!G33 -> 18.4 | F33: ='202602'!G33 -> 2.7 | G33: ='202603'!G33 -> 3.3 | H33: ='202604'!G33 -> 4.2 | I33: ='202605'!G33 -> 6.1 | J33: ='202606'!G33 -> 4.7 | K33: ='202607'!G33 -> 1.9 | L33: ='202608'!G33 -> 1.9 | M33: ='202609'!G33 -> 1.9 | Q33: =MAX(E33:P33) -> 18.4 | R33: =MIN(E33:P33) -> 1.9 | S33: =AVERAGE(E33:P33) -> 5.0111111 | T33: =STDEV(E33:P33) -> 5.2262425 | U33: =IF(S33<=1, "매우좋음", IF(S33<=2, "좋음", IF(S33<=3, "약간좋음", IF(S33<=5, "보통", IF(S33<=8, "약간나쁨", IF(S33<=10, "나쁨", "매우나쁨")))))) -> 약간나쁨
A34: 44 | B34: 10)효촌천 | C34: 효촌천 | D34: 양주시 남면 상수리 264 | E34: ='202601'!G34 -> 12.3 | F34: ='202602'!G34 -> 3.8 | G34: ='202603'!G34 -> 6.6 | H34: ='202604'!G34 -> 4.1 | I34: ='202605'!G34 -> 8.1 | J34: ='202606'!G34 -> 5.2 | K34: ='202607'!G34 -> 2.9 | L34: ='202608'!G34 -> 5 | M34: ='202609'!G34 -> 5 | Q34: =MAX(E34:P34) -> 12.3 | R34: =MIN(E34:P34) -> 2.9 | S34: =AVERAGE(E34:P34) -> 5.8888889 | T34: =STDEV(E34:P34) -> 2.8515103 | U34: =IF(S34<=1, "매우좋음", IF(S34<=2, "좋음", IF(S34<=3, "약간좋음", IF(S34<=5, "보통", IF(S34<=8, "약간나쁨", IF(S34<=10, "나쁨", "매우나쁨")))))) -> 약간나쁨
A35: 46 | B35: 11)덕계천 | C35: 덕계천-하 | D35: 양주시 회정동 317-4 | E35: ='202601'!G35 -> 2.1 | F35: ='202602'!G35 -> 2.3 | G35: ='202603'!G35 -> 2.2 | H35: ='202604'!G35 -> 2.7 | I35: ='202605'!G35 -> 2.8 | J35: ='202606'!G35 -> 2 | K35: ='202607'!G35 -> 1.4 | L35: ='202608'!G35 -> 0.4 | M35: ='202609'!G35 -> 0.4 | Q35: =MAX(E35:P35) -> 2.8 | R35: =MIN(E35:P35) -> 0.4 | S35: =AVERAGE(E35:P35) -> 1.8111111 | T35: =STDEV(E35:P35) -> 0.89644359 | U35: =IF(S35<=1, "매우좋음", IF(S35<=2, "좋음", IF(S35<=3, "약간좋음", IF(S35<=5, "보통", IF(S35<=8, "약간나쁨", IF(S35<=10, "나쁨", "매우나쁨")))))) -> 좋음
A36: 47 | B36: 12)마개미천 | C36: 마개미천 | D36: 양주시 덕계동 169-17 | E36: ='202601'!G36 -> 10.2 | F36: ='202602'!G36 -> 4 | G36: ='202603'!G36 -> 3.8 | H36: ='202604'!G36 -> 5.7 | I36: ='202605'!G36 -> 5.5 | J36: ='202606'!G36 -> 1.4 | K36: ='202607'!G36 -> 1.2 | L36: ='202608'!G36 -> 1.2 | M36: ='202609'!G36 -> 1.2 | Q36: =MAX(E36:P36) -> 10.2 | R36: =MIN(E36:P36) -> 1.2 | S36: =AVERAGE(E36:P36) -> 3.8 | T36: =STDEV(E36:P36) -> 3.0319136 | U36: =IF(S36<=1, "매우좋음", IF(S36<=2, "좋음", IF(S36<=3, "약간좋음", IF(S36<=5, "보통", IF(S36<=8, "약간나쁨", IF(S36<=10, "나쁨", "매우나쁨")))))) -> 보통
A37: 49 | B37: 13)회암천 | C37: 회암천_중 | D37: 양주시 옥정동로 율정초교 앞 | E37: ='202601'!G37 -> 4.1 | F37: ='202602'!G37 -> 2.3 | G37: ='202603'!G37 -> 2.8 | H37: ='202604'!G37 -> 2.1 | I37: ='202605'!G37 -> 5.2 | J37: ='202606'!G37 -> 3.5 | K37: ='202607'!G37 -> 1.2 | L37: ='202608'!G37 -> 2.8 | M37: ='202609'!G37 -> 2.8 | Q37: =MAX(E37:P37) -> 5.2 | R37: =MIN(E37:P37) -> 1.2 | S37: =AVERAGE(E37:P37) -> 2.9777778 | T37: =STDEV(E37:P37) -> 1.1702326 | U37: =IF(S37<=1, "매우좋음", IF(S37<=2, "좋음", IF(S37<=3, "약간좋음", IF(S37<=5, "보통", IF(S37<=8, "약간나쁨", IF(S37<=10, "나쁨", "매우나쁨")))))) -> 약간좋음
A38: 50 | B38: 14)청담천 | C38: 청담천 | D38: 양주시 고암동 211-1 | E38: ='202601'!G38 -> 1.7 | F38: ='202602'!G38 -> 1.7 | G38: ='202603'!G38 -> 2.2 | H38: ='202604'!G38 -> 1.4 | I38: ='202605'!G38 -> 3.8 | J38: ='202606'!G38 -> 2.2 | K38: ='202607'!G38 -> 1.3 | L38: ='202608'!G38 -> 0.8 | M38: ='202609'!G38 -> 0.8 | Q38: =MAX(E38:P38) -> 3.8 | R38: =MIN(E38:P38) -> 0.8 | S38: =AVERAGE(E38:P38) -> 1.7666667 | T38: =STDEV(E38:P38) -> 0.91787799 | U38: =IF(S38<=1, "매우좋음", IF(S38<=2, "좋음", IF(S38<=3, "약간좋음", IF(S38<=5, "보통", IF(S38<=8, "약간나쁨", IF(S38<=10, "나쁨", "매우나쁨")))))) -> 좋음
B39: 15)상패천 | C39: 상패천 | D39: 동두천시 상패동 307-7 인근 (강변교 아래) (신천 합류 전) | E39: ='202601'!G39 -> 2.7 | F39: ='202602'!G39 -> 2.8 | G39: ='202603'!G39 -> 4.1 | H39: ='202604'!G39 -> 9.2 | I39: ='202605'!G39 -> 24.2 | J39: ='202606'!G39 -> 5.6 | K39: ='202607'!G39 -> 3.8 | L39: ='202608'!G39 -> 5.9 | M39: ='202609'!G39 -> 5.9 | Q39: =MAX(E39:P39) -> 24.2 | R39: =MIN(E39:P39) -> 2.7 | S39: =AVERAGE(E39:P39) -> 7.1333333 | T39: =STDEV(E39:P39) -> 6.7052218 | U39: =IF(S39<=1, "매우좋음", IF(S39<=2, "좋음", IF(S39<=3, "약간좋음", IF(S39<=5, "보통", IF(S39<=8, "약간나쁨", IF(S39<=10, "나쁨", "매우나쁨")))))) -> 약간나쁨

Sheet 26년 월별 SS현황
A1: 2026년 월별 SS 현황
A2: 연번 | B2: 하천명 | C2: 시료번호 | D2: 주 소 | E2: 1월 | F2: 2월 | G2: 3월 | H2: 4월 | I2: 5월 | J2: 6월 | K2: 7월 | L2: 8월 | M2: 9월 | N2: 10월 | O2: 11월 | P2: 12월 | Q2: 최대 | R2: 최소 | S2: 평균 | T2: 편차 | U2: 생활환경 기준등급
A3: 2 | B3: 1)한탄강 | C3: 한탄강1 | D3: 포천시 창수면 운산리 영로교 아래 | E3: ='202601'!H3 -> 2.9 | F3: ='202602'!H3 -> 4.8 | G3: ='202603'!H3 -> 2.4 | H3: ='202604'!H3 -> 3.9 | I3: ='202605'!H3 -> 17.5 | J3: ='202606'!H3 -> 9.6 | K3: ='202607'!H3 -> 3.1 | L3: ='202608'!H3 -> 6 | M3: ='202609'!H3 -> 1.4 | Q3: =MAX(E3:P3) -> 17.5 | R3: =MIN(E3:P3) -> 1.4 | S3: =AVERAGE(E3:P3) -> 5.7333333 | T3: =STDEV(E3:P3) -> 5.0318983 | U3: =IF(S3<=25, "매우좋음", IF(S3<=25, "좋음", IF(S3<=25, "약간좋음", IF(S3<=25, "보통", IF(S3<=100, "약간나쁨", IF(S3<=100, "나쁨", "매우나쁨")))))) -> 매우좋음
A4: 3 | C4: 한탄강 연1 | D4: 연천군 전곡읍 신답리 1(영평천 합류전) | E4: ='202601'!H4 -> 1.5 | F4: ='202602'!H4 -> 1.3 | G4: ='202603'!H4 -> 2.9 | H4: ='202604'!H4 -> 7 | I4: ='202605'!H4 -> 10.5 | J4: ='202606'!H4 -> 13.4 | K4: ='202607'!H4 -> 18.8 | L4: ='202608'!H4 -> 3.7 | M4: ='202609'!H4 -> 4.8 | Q4: =MAX(E4:P4) -> 18.8 | R4: =MIN(E4:P4) -> 1.3 | S4: =AVERAGE(E4:P4) -> 7.1 | T4: =STDEV(E4:P4) -> 5.9962488 | U4: =IF(S4<=25, "매우좋음", IF(S4<=25, "좋음", IF(S4<=25, "약간좋음", IF(S4<=25, "보통", IF(S4<=100, "약간나쁨", IF(S4<=100, "나쁨", "매우나쁨")))))) -> 매우좋음
A5: 4 | C5: 한탄강 연2 | D5: 연천군 청산면 궁평리 561-1(영평천 합류후) | E5: ='202601'!H5 -> 0.9 | F5: ='202602'!H5 -> 1.5 | G5: ='202603'!H5 -> 2.8 | H5: ='202604'!H5 -> 8 | I5: ='202605'!H5 -> 19.1 | J5: ='202606'!H5 -> 12.2 | K5: ='202607'!H5 -> 19.5 | L5: ='202608'!H5 -> 4.3 | M5: ='202609'!H5 -> 3.8 | Q5: =MAX(E5:P5) -> 19.5 | R5: =MIN(E5:P5) -> 0.9 | S5: =AVERAGE(E5:P5) -> 8.0111111 | T5: =STDEV(E5:P5) -> 7.2812163 | U5: =IF(S5<=25, "매우좋음", IF(S5<=25, "좋음", IF(S5<=25, "약간좋음", IF(S5<=25, "보통", IF(S5<=100, "약간나쁨", IF(S5<=100, "나쁨", "매우나쁨")))))) -> 매우좋음
A6: 8 | C6: 한탄강 연4 | D6: 연천군 전곡읍 전곡리 681-2(세월교)_색도 목표지점 | E6: ='202601'!H6 -> 0.8 | F6: ='202602'!H6 -> 2.7 | G6: ='202603'!H6 -> 2.5 | H6: ='202604'!H6 -> 8.8 | I6: ='202605'!H6 -> 12.9 | J6: ='202606'!H6 -> 11.8 | K6: ='202607'!H6 -> 18.7 | L6: ='202608'!H6 -> 5.7 | M6: ='202609'!H6 -> 2.6 | Q6: =MAX(E6:P6) -> 18.7 | R6: =MIN(E6:P6) -> 0.8 | S6: =AVERAGE(E6:P6) -> 7.3888889 | T6: =STDEV(E6:P6) -> 6.0709234 | U6: =IF(S6<=25, "매우좋음", IF(S6<=25, "좋음", IF(S6<=25, "약간좋음", IF(S6<=25, "보통", IF(S6<=100, "약간나쁨", IF(S6<=100, "나쁨", "매우나쁨")))))) -> 매우좋음
A7: 10 | B7: 2)포천천 | C7: 포천천1 | D7: 포천시 소흘읍 무봉리 이동교리교 (포천천 상류,부인터사거리 뒤) | E7: ='202601'!H7 -> 0.9 | F7: ='202602'!H7 -> 1.5 | G7: ='202603'!H7 -> 2.5 | H7: ='202604'!H7 -> 1.9 | I7: ='202605'!H7 -> 12.6 | J7: ='202606'!H7 -> 9.4 | K7: ='202607'!H7 -> 2.2 | L7: ='202608'!H7 -> 2.6 | M7: ='202609'!H7 -> 5.2 | Q7: =MAX(E7:P7) -> 12.6 | R7: =MIN(E7:P7) -> 0.9 | S7: =AVERAGE(E7:P7) -> 4.3111111 | T7: =STDEV(E7:P7) -> 4.0529139 | U7: =IF(S7<=25, "매우좋음", IF(S7<=25, "좋음", IF(S7<=25, "약간좋음", IF(S7<=25, "보통", IF(S7<=100, "약간나쁨", IF(S7<=100, "나쁨", "매우나쁨")))))) -> 매우좋음
A8: 11 | C8: 포천천2 | D8: 포천시 신읍동 한내교 아래(실제 가스충전소 뒤 / 중류) | E8: ='202601'!H8 -> 0.8 | F8: ='202602'!H8 -> 1.6 | G8: ='202603'!H8 -> 3.3 | H8: ='202604'!H8 -> 2.4 | I8: ='202605'!H8 -> 16 | J8: ='202606'!H8 -> 9.6 | K8: ='202607'!H8 -> 2.7 | L8: ='202608'!H8 -> 3.1 | M8: ='202609'!H8 -> 5.7 | Q8: =MAX(E8:P8) -> 16 | R8: =MIN(E8:P8) -> 0.8 | S8: =AVERAGE(E8:P8) -> 5.0222222 | T8: =STDEV(E8:P8) -> 4.8784674 | U8: =IF(S8<=25, "매우좋음", IF(S8<=25, "좋음", IF(S8<=25, "약간좋음", IF(S8<=25, "보통", IF(S8<=100, "약간나쁨", IF(S8<=100, "나쁨", "매우나쁨")))))) -> 매우좋음
A9: 12 | C9: 포천천3 | D9: 포천시 영중면 거사3리 농본교(포천천 하류) | E9: ='202601'!H9 -> 1.2 | F9: ='202602'!H9 -> 1.5 | G9: ='202603'!H9 -> 2.8 | H9: ='202604'!H9 -> 1.9 | I9: ='202605'!H9 -> 13 | J9: ='202606'!H9 -> 10.4 | K9: ='202607'!H9 -> 2.3 | L9: ='202608'!H9 -> 2.9 | M9: ='202609'!H9 -> 27.6 | Q9: =MAX(E9:P9) -> 27.6 | R9: =MIN(E9:P9) -> 1.2 | S9: =AVERAGE(E9:P9) -> 7.0666667 | T9: =STDEV(E9:P9) -> 8.7914731 | U9: =IF(S9<=25, "매우좋음", IF(S9<=25, "좋음", IF(S9<=25, "약간좋음", IF(S9<=25, "보통", IF(S9<=100, "약간나쁨", IF(S9<=100, "나쁨", "매우나쁨")))))) -> 매우좋음
A10: 13 | B10: 3)금현천 | C10: 금현천 | D10: 포천시 가산면 마산리 금현천교 아래(세창아파트 뒤) | E10: ='202601'!H10 -> 4.7 | F10: ='202602'!H10 -> 4.3 | G10: ='202603'!H10 -> 8.8 | H10: ='202604'!H10 -> 1.3 | I10: ='202605'!H10 -> 1.8 | J10: ='202606'!H10 -> 1.2 | K10: ='202607'!H10 -> 2.7 | L10: ='202608'!H10 -> 1.5 | M10: ='202609'!H10 -> 76.8 | Q10: =MAX(E10:P10) -> 76.8 | R10: =MIN(E10:P10) -> 1.2 | S10: =AVERAGE(E10:P10) -> 11.455556 | T10: =STDEV(E10:P10) -> 24.624942 | U10: =IF(S10<=25, "매우좋음", IF(S10<=25, "좋음", IF(S10<=25, "약간좋음", IF(S10<=25, "보통", IF(S10<=100, "약간나쁨", IF(S10<=100, "나쁨", "매우나쁨")))))) -> 매우좋음
A11: 14 | B11: 4)송우천 | C11: 송우천 | D11: 포천시 송우리 641-92(송우교 아래) | E11: ='202601'!H11 -> 4.5 | F11: ='202602'!H11 -> 6 | G11: ='202603'!H11 -> 3.3 | H11: ='202604'!H11 -> 1.5 | I11: ='202605'!H11 -> 2.5 | J11: ='202606'!H11 -> 0.8 | K11: ='202607'!H11 -> 2.4 | L11: ='202608'!H11 -> 3 | M11: ='202609'!H11 -> 19.8 | Q11: =MAX(E11:P11) -> 19.8 | R11: =MIN(E11:P11) -> 0.8 | S11: =AVERAGE(E11:P11) -> 4.8666667 | T11: =STDEV(E11:P11) -> 5.8086143 | U11: =IF(S11<=25, "매우좋음", IF(S11<=25, "좋음", IF(S11<=25, "약간좋음", IF(S11<=25, "보통", IF(S11<=100, "약간나쁨", IF(S11<=100, "나쁨", "매우나쁨")))))) -> 매우좋음 | W11: 1
A12: 17 | B12: 5)영평천 | C12: 영평천1 | D12: 포천시 이동면 노곡리 낭유대교 아래(영평천 상류) | E12: ='202601'!H12 -> 1.3 | F12: ='202602'!H12 -> 0.8 | G12: ='202603'!H12 -> 2 | H12: ='202604'!H12 -> 1 | I12: ='202605'!H12 -> 5.9 | J12: ='202606'!H12 -> 5.3 | K12: ='202607'!H12 -> 2.3 | L12: ='202608'!H12 -> 3 | M12: ='202609'!H12 -> 34.4 | Q12: =MAX(E12:P12) -> 34.4 | R12: =MIN(E12:P12) -> 0.8 | S12: =AVERAGE(E12:P12) -> 6.2222222 | T12: =STDEV(E12:P12) -> 10.720515 | U12: =IF(S12<=25, "매우좋음", IF(S12<=25, "좋음", IF(S12<=25, "약간좋음", IF(S12<=25, "보통", IF(S12<=100, "약간나쁨", IF(S12<=100, "나쁨", "매우나쁨")))))) -> 매우좋음
A13: 18 | C13: 영평천2 | D13: 포천시 영중면 성동리 와룡교 아래(수입천 합류 후) | E13: ='202601'!H13 -> 1.3 | F13: ='202602'!H13 -> 1.2 | G13: ='202603'!H13 -> 1.8 | H13: ='202604'!H13 -> 1.2 | I13: ='202605'!H13 -> 5.3 | J13: ='202606'!H13 -> 10 | K13: ='202607'!H13 -> 2.2 | L13: ='202608'!H13 -> 5.7 | M13: ='202609'!H13 -> 5.8 | Q13: =MAX(E13:P13) -> 10 | R13: =MIN(E13:P13) -> 1.2 | S13: =AVERAGE(E13:P13) -> 3.8333333 | T13: =STDEV(E13:P13) -> 3.0540956 | U13: =IF(S13<=25, "매우좋음", IF(S13<=25, "좋음", IF(S13<=25, "약간좋음", IF(S13<=25, "보통", IF(S13<=100, "약간나쁨", IF(S13<=100, "나쁨", "매우나쁨")))))) -> 매우좋음
A14: 20 | C14: 영평천3 | D14: 포천시 영중면 영송리 영평교 아래(포천천 합류 후) | E14: ='202601'!H14 -> 1.6 | F14: ='202602'!H14 -> 0.9 | G14: ='202603'!H14 -> 2.7 | H14: ='202604'!H14 -> 0.9 | I14: ='202605'!H14 -> 6.4 | J14: ='202606'!H14 -> 5.1 | K14: ='202607'!H14 -> 1 | L14: ='202608'!H14 -> 6.1 | M14: ='202609'!H14 -> 6.4 | Q14: =MAX(E14:P14) -> 6.4 | R14: =MIN(E14:P14) -> 0.9 | S14: =AVERAGE(E14:P14) -> 3.4555556 | T14: =STDEV(E14:P14) -> 2.503553 | U14: =IF(S14<=25, "매우좋음", IF(S14<=25, "좋음", IF(S14<=25, "약간좋음", IF(S14<=25, "보통", IF(S14<=100, "약간나쁨", IF(S14<=100, "나쁨", "매우나쁨")))))) -> 매우좋음
A15: 21 | C15: 영평천4 | D15: 포천시 창수면 오가리 오가교 아래(외북천 합류 후) | E15: ='202601'!H15 -> 1.5 | F15: ='202602'!H15 -> 0.9 | G15: ='202603'!H15 -> 1.8 | H15: ='202604'!H15 -> 1.1 | I15: ='202605'!H15 -> 7.5 | J15: ='202606'!H15 -> 6.6 | K15: ='202607'!H15 -> 1.1 | L15: ='202608'!H15 -> 1.5 | M15: ='202609'!H15 -> 8.8 | Q15: =MAX(E15:P15) -> 8.8 | R15: =MIN(E15:P15) -> 0.9 | S15: =AVERAGE(E15:P15) -> 3.4222222 | T15: =STDEV(E15:P15) -> 3.2174438 | U15: =IF(S15<=25, "매우좋음", IF(S15<=25, "좋음", IF(S15<=25, "약간좋음", IF(S15<=25, "보통", IF(S15<=100, "약간나쁨", IF(S15<=100, "나쁨", "매우나쁨")))))) -> 매우좋음
A16: 22 | C16: 영평천5 | D16: 포천시 창수면 고소성리 백의교(포천-연천 경계 / 영평천 하류) | E16: ='202601'!H16 -> 1.3 | F16: ='202602'!H16 -> 0.9 | G16: ='202603'!H16 -> 1.7 | H16: ='202604'!H16 -> 0.8 | I16: ='202605'!H16 -> 14.3 | J16: ='202606'!H16 -> 5.7 | K16: ='202607'!H16 -> 0.7 | L16: ='202608'!H16 -> 1.4 | M16: ='202609'!H16 -> 11 | Q16: =MAX(E16:P16) -> 14.3 | R16: =MIN(E16:P16) -> 0.7 | S16: =AVERAGE(E16:P16) -> 4.2 | T16: =STDEV(E16:P16) -> 5.095341 | U16: =IF(S16<=25, "매우좋음", IF(S16<=25, "좋음", IF(S16<=25, "약간좋음", IF(S16<=25, "보통", IF(S16<=100, "약간나쁨", IF(S16<=100, "나쁨", "매우나쁨")))))) -> 매우좋음
A17: 23 | B17: 6)외북천 | C17: 외북천2 | D17: 포천시 영중면 영송리 통일교 아래(외북천 중류) | E17: ='202601'!H17 -> 1.6 | F17: ='202602'!H17 -> 1.6 | G17: ='202603'!H17 -> 5.2 | H17: ='202604'!H17 -> 1.5 | I17: ='202605'!H17 -> 7.9 | J17: ='202606'!H17 -> 6.1 | K17: ='202607'!H17 -> 8.5 | L17: ='202608'!H17 -> 8.6 | M17: ='202609'!H17 -> 7 | Q17: =MAX(E17:P17) -> 8.6 | R17: =MIN(E17:P17) -> 1.5 | S17: =AVERAGE(E17:P17) -> 5.3333333 | T17: =STDEV(E17:P17) -> 3.0257231 | U17: =IF(S17<=25, "매우좋음", IF(S17<=25, "좋음", IF(S17<=25, "약간좋음", IF(S17<=25, "보통", IF(S17<=100, "약간나쁨", IF(S17<=100, "나쁨", "매우나쁨")))))) -> 매우좋음
A18: 24 | C18: 외북천3 | D18: 포천시 영중면 영송리 두엄바이오 앞 (외북천 하류) | E18: ='202601'!H18 -> 1.6 | F18: ='202602'!H18 -> 2 | G18: ='202603'!H18 -> 5.4 | H18: ='202604'!H18 -> 1.9 | I18: ='202605'!H18 -> 6.7 | J18: ='202606'!H18 -> 22.8 | K18: ='202607'!H18 -> 7.9 | L18: ='202608'!H18 -> 18 | M18: ='202609'!H18 -> 8.4 | Q18: =MAX(E18:P18) -> 22.8 | R18: =MIN(E18:P18) -> 1.6 | S18: =AVERAGE(E18:P18) -> 8.3 | T18: =STDEV(E18:P18) -> 7.4247896 | U18: =IF(S18<=25, "매우좋음", IF(S18<=25, "좋음", IF(S18<=25, "약간좋음", IF(S18<=25, "보통", IF(S18<=100, "약간나쁨", IF(S18<=100, "나쁨", "매우나쁨")))))) -> 매우좋음
A19: 25 | B19: 7)수입천 | C19: 수입천 | D19: 포천시 일동면 사직리 1390-5(일이동처리장 입구) | E19: ='202601'!H19 -> 3.3 | F19: ='202602'!H19 -> 1 | G19: ='202603'!H19 -> 3.3 | H19: ='202604'!H19 -> 1.6 | I19: ='202605'!H19 -> 7.9 | J19: ='202606'!H19 -> 17.9 | K19: ='202607'!H19 -> 2.3 | L19: ='202608'!H19 -> 6.4 | M19: ='202609'!H19 -> 7.2 | Q19: =MAX(E19:P19) -> 17.9 | R19: =MIN(E19:P19) -> 1 | S19: =AVERAGE(E19:P19) -> 5.6555556 | T19: =STDEV(E19:P19) -> 5.2247275 | U19: =IF(S19<=25, "매우좋음", IF(S19<=25, "좋음", IF(S19<=25, "약간좋음", IF(S19<=25, "보통", IF(S19<=100, "약간나쁨", IF(S19<=100, "나쁨", "매우나쁨")))))) -> 매우좋음
A20: 26 | B20: 8)신천 | C20: 신천1 | D20: 양주시 백석읍 오산리 137-2(신천-오산리_방성천 합류 전) | E20: ='202601'!H20 -> 43.6 | F20: ='202602'!H20 -> 2.5 | G20: ='202603'!H20 -> 5.6 | H20: ='202604'!H20 -> 14.4 | I20: ='202605'!H20 -> 20.2 | J20: ='202606'!H20 -> 4.6 | K20: ='202607'!H20 -> 2.3 | L20: ='202608'!H20 -> 1.1 | M20: ='202609'!H20 -> 2.7 | Q20: =MAX(E20:P20) -> 43.6 | R20: =MIN(E20:P20) -> 1.1 | S20: =AVERAGE(E20:P20) -> 10.777778 | T20: =STDEV(E20:P20) -> 13.890084 | U20: =IF(S20<=25, "매우좋음", IF(S20<=25, "좋음", IF(S20<=25, "약간좋음", IF(S20<=25, "보통", IF(S20<=100, "약간나쁨", IF(S20<=100, "나쁨", "매우나쁨")))))) -> 매우좋음
A21: 27 | C21: 신천5 | D21: 양주시 광적면 가납리 710(신천-우고천 합류 후) | E21: ='202601'!H21 -> 3.6 | F21: ='202602'!H21 -> 4 | G21: ='202603'!H21 -> 4.1 | H21: ='202604'!H21 -> 6.9 | I21: ='202605'!H21 -> 12.2 | J21: ='202606'!H21 -> 10.6 | K21: ='202607'!H21 -> 5.7 | L21: ='202608'!H21 -> 2.8 | M21: ='202609'!H21 -> 26.4 | Q21: =MAX(E21:P21) -> 26.4 | R21: =MIN(E21:P21) -> 2.8 | S21: =AVERAGE(E21:P21) -> 8.4777778 | T21: =STDEV(E21:P21) -> 7.4583473 | U21: =IF(S21<=25, "매우좋음", IF(S21<=25, "좋음", IF(S21<=25, "약간좋음", IF(S21<=25, "보통", IF(S21<=100, "약간나쁨", IF(S21<=100, "나쁨", "매우나쁨")))))) -> 매우좋음
A22: 28 | C22: 신천중류 | D22: 양주시 남면 상수리 104-39(입암천 합류 전) | E22: ='202601'!H22 -> 21 | F22: ='202602'!H22 -> 2.7 | G22: ='202603'!H22 -> 4.6 | H22: ='202604'!H22 -> 20 | I22: ='202605'!H22 -> 18.8 | J22: ='202606'!H22 -> 13.2 | K22: ='202607'!H22 -> 7.1 | L22: ='202608'!H22 -> 4.8 | M22: ='202609'!H22 -> 1.4 | Q22: =MAX(E22:P22) -> 21 | R22: =MIN(E22:P22) -> 1.4 | S22: =AVERAGE(E22:P22) -> 10.4 | T22: =STDEV(E22:P22) -> 7.8985758 | U22: =IF(S22<=25, "매우좋음", IF(S22<=25, "좋음", IF(S22<=25, "약간좋음", IF(S22<=25, "보통", IF(S22<=100, "약간나쁨", IF(S22<=100, "나쁨", "매우나쁨")))))) -> 매우좋음
A23: 29 | C23: 신천9 | D23: 양주시 은현면 운암리 60-15(은현교) | E23: ='202601'!H23 -> 12.9 | F23: ='202602'!H23 -> 2.6 | G23: ='202603'!H23 -> 5.6 | H23: ='202604'!H23 -> 10.4 | I23: ='202605'!H23 -> 38 | J23: ='202606'!H23 -> 12 | K23: ='202607'!H23 -> 6.5 | L23: ='202608'!H23 -> 6.2 | M23: ='202609'!H23 -> 3.5 | Q23: =MAX(E23:P23) -> 38 | R23: =MIN(E23:P23) -> 2.6 | S23: =AVERAGE(E23:P23) -> 10.855556 | T23: =STDEV(E23:P23) -> 10.79955 | U23: =IF(S23<=25, "매우좋음", IF(S23<=25, "좋음", IF(S23<=25, "약간좋음", IF(S23<=25, "보통", IF(S23<=100, "약간나쁨", IF(S23<=100, "나쁨", "매우나쁨")))))) -> 매우좋음
A24: 30 | C24: 용암교 | D24: 양주시 은현면 용암리 241-1(구 세월교) | E24: ='202601'!H24 -> 6.7 | F24: ='202602'!H24 -> 9.2 | G24: ='202603'!H24 -> 5.3 | H24: ='202604'!H24 -> 22.4 | I24: ='202605'!H24 -> 14.6 | J24: ='202606'!H24 -> 15.8 | K24: ='202607'!H24 -> 17.2 | L24: ='202608'!H24 -> 7.8 | M24: ='202609'!H24 -> 4.4 | Q24: =MAX(E24:P24) -> 22.4 | R24: =MIN(E24:P24) -> 4.4 | S24: =AVERAGE(E24:P24) -> 11.488889 | T24: =STDEV(E24:P24) -> 6.2276489 | U24: =IF(S24<=25, "매우좋음", IF(S24<=25, "좋음", IF(S24<=25, "약간좋음", IF(S24<=25, "보통", IF(S24<=100, "약간나쁨", IF(S24<=100, "나쁨", "매우나쁨")))))) -> 매우좋음
A25: 31 | C25: 신천11 | D25: 양주시 은현면 용암리 240-1(위생환경사업소앞) | E25: ='202601'!H25 -> 3.5 | F25: ='202602'!H25 -> 8.2 | G25: ='202603'!H25 -> 4.8 | H25: ='202604'!H25 -> 20.4 | I25: ='202605'!H25 -> 11.2 | J25: ='202606'!H25 -> 18.2 | K25: ='202607'!H25 -> 8 | L25: ='202608'!H25 -> 8.8 | M25: ='202609'!H25 -> 18 | Q25: =MAX(E25:P25) -> 20.4 | R25: =MIN(E25:P25) -> 3.5 | S25: =AVERAGE(E25:P25) -> 11.233333 | T25: =STDEV(E25:P25) -> 6.1757591 | U25: =IF(S25<=25, "매우좋음", IF(S25<=25, "좋음", IF(S25<=25, "약간좋음", IF(S25<=25, "보통", IF(S25<=100, "약간나쁨", IF(S25<=100, "나쁨", "매우나쁨")))))) -> 매우좋음
A26: 32 | C26: 신천13 | D26: 동두천시 송내동 651-3(현대아이파크 앞) | E26: ='202601'!H26 -> 2.8 | F26: ='202602'!H26 -> 2.4 | G26: ='202603'!H26 -> 6 | H26: ='202604'!H26 -> 7.2 | I26: ='202605'!H26 -> 28.8 | J26: ='202606'!H26 -> 15.8 | K26: ='202607'!H26 -> 9.7 | L26: ='202608'!H26 -> 13.6 | M26: ='202609'!H26 -> 6.5 | Q26: =MAX(E26:P26) -> 28.8 | R26: =MIN(E26:P26) -> 2.4 | S26: =AVERAGE(E26:P26) -> 10.311111 | T26: =STDEV(E26:P26) -> 8.2534 | U26: =IF(S26<=25, "매우좋음", IF(S26<=25, "좋음", IF(S26<=25, "약간좋음", IF(S26<=25, "보통", IF(S26<=100, "약간나쁨", IF(S26<=100, "나쁨", "매우나쁨")))))) -> 매우좋음
A27: 33 | C27: 신천15 | D27: 동두천시 보산동 429-48 인근 진검다리 | E27: ='202601'!H27 -> 4 | F27: ='202602'!H27 -> 4 | G27: ='202603'!H27 -> 6.6 | H27: ='202604'!H27 -> 8.8 | I27: ='202605'!H27 -> 22.8 | J27: ='202606'!H27 -> 14.4 | K27: ='202607'!H27 -> 7.2 | L27: ='202608'!H27 -> 13.8 | M27: ='202609'!H27 -> 13.8 | Q27: =MAX(E27:P27) -> 22.8 | R27: =MIN(E27:P27) -> 4 | S27: =AVERAGE(E27:P27) -> 10.6 | T27: =STDEV(E27:P27) -> 6.1408468 | U27: =IF(S27<=25, "매우좋음", IF(S27<=25, "좋음", IF(S27<=25, "약간좋음", IF(S27<=25, "보통", IF(S27<=100, "약간나쁨", IF(S27<=100, "나쁨", "매우나쁨")))))) -> 매우좋음
A28: 34 | C28: 신천17 | D28: 동두천시 하봉암동 340-1 인근 | E28: ='202601'!H28 -> 6 | F28: ='202602'!H28 -> 7 | G28: ='202603'!H28 -> 8.6 | H28: ='202604'!H28 -> 10 | I28: ='202605'!H28 -> 5.8 | J28: ='202606'!H28 -> 35.8 | K28: ='202607'!H28 -> 12 | L28: ='202608'!H28 -> 18.2 | M28: ='202609'!H28 -> 18.2 | Q28: =MAX(E28:P28) -> 35.8 | R28: =MIN(E28:P28) -> 5.8 | S28: =AVERAGE(E28:P28) -> 13.511111 | T28: =STDEV(E28:P28) -> 9.6031823 | U28: =IF(S28<=25, "매우좋음", IF(S28<=25, "좋음", IF(S28<=25, "약간좋음", IF(S28<=25, "보통", IF(S28<=100, "약간나쁨", IF(S28<=100, "나쁨", "매우나쁨")))))) -> 매우좋음
A29: 35 | C29: 신천17-2 | D29: 동두천시 하봉암동 327-1(하봉암교) | E29: ='202601'!H29 -> 8.6 | F29: ='202602'!H29 -> 4 | G29: ='202603'!H29 -> 11.8 | H29: ='202604'!H29 -> 11.6 | I29: ='202605'!H29 -> 18 | J29: ='202606'!H29 -> 15.2 | K29: ='202607'!H29 -> 16.5 | L29: ='202608'!H29 -> 16.4 | M29: ='202609'!H29 -> 16.4 | Q29: =MAX(E29:P29) -> 18 | R29: =MIN(E29:P29) -> 4 | S29: =AVERAGE(E29:P29) -> 13.166667 | T29: =STDEV(E29:P29) -> 4.592385 | U29: =IF(S29<=25, "매우좋음", IF(S29<=25, "좋음", IF(S29<=25, "약간좋음", IF(S29<=25, "보통", IF(S29<=100, "약간나쁨", IF(S29<=100, "나쁨", "매우나쁨")))))) -> 매우좋음
A30: 36 | C30: 신천18-1 | D30: 연천군 청산면 초성리 426, 초성교(시군경계) | E30: ='202601'!H30 -> 7.6 | F30: ='202602'!H30 -> 8.6 | G30: ='202603'!H30 -> 9.2 | H30: ='202604'!H30 -> 12 | I30: ='202605'!H30 -> 16.8 | J30: ='202606'!H30 -> 14.2 | K30: ='202607'!H30 -> 4.1 | L30: ='202608'!H30 -> 19.6 | M30: ='202609'!H30 -> 19.6 | Q30: =MAX(E30:P30) -> 19.6 | R30: =MIN(E30:P30) -> 4.1 | S30: =AVERAGE(E30:P30) -> 12.411111 | T30: =STDEV(E30:P30) -> 5.5119063 | U30: =IF(S30<=25, "매우좋음", IF(S30<=25, "좋음", IF(S30<=25, "약간좋음", IF(S30<=25, "보통", IF(S30<=100, "약간나쁨", IF(S30<=100, "나쁨", "매우나쁨")))))) -> 매우좋음
A31: 37 | C31: 신천18 | D31: 연천군 청산면 초성리 142-5(신천교) | E31: ='202601'!H31 -> 9 | F31: ='202602'!H31 -> 8.8 | G31: ='202603'!H31 -> 11 | H31: ='202604'!H31 -> 11.2 | I31: ='202605'!H31 -> 15.8 | J31: ='202606'!H31 -> 15.4 | K31: ='202607'!H31 -> 5.4 | L31: ='202608'!H31 -> 19.8 | M31: ='202609'!H31 -> 19.8 | Q31: =MAX(E31:P31) -> 19.8 | R31: =MIN(E31:P31) -> 5.4 | S31: =AVERAGE(E31:P31) -> 12.911111 | T31: =STDEV(E31:P31) -> 5.0577773 | U31: =IF(S31<=25, "매우좋음", IF(S31<=25, "좋음", IF(S31<=25, "약간좋음", IF(S31<=25, "보통", IF(S31<=100, "약간나쁨", IF(S31<=100, "나쁨", "매우나쁨")))))) -> 매우좋음
A32: 38 | C32: 신천20 | D32: 연천군 청산면 초성리 306-5(대전교) | E32: ='202601'!H32 -> 5.8 | F32: ='202602'!H32 -> 5.6 | G32: ='202603'!H32 -> 8 | H32: ='202604'!H32 -> 8.4 | I32: ='202605'!H32 -> 13 | J32: ='202606'!H32 -> 14.6 | K32: ='202607'!H32 -> 3.2 | L32: ='202608'!H32 -> 24.2 | M32: ='202609'!H32 -> 24.2 | Q32: =MAX(E32:P32) -> 24.2 | R32: =MIN(E32:P32) -> 3.2 | S32: =AVERAGE(E32:P32) -> 11.888889 | T32: =STDEV(E32:P32) -> 7.835248 | U32: =IF(S32<=25, "매우좋음", IF(S32<=25, "좋음", IF(S32<=25, "약간좋음", IF(S32<=25, "보통", IF(S32<=100, "약간나쁨", IF(S32<=100, "나쁨", "매우나쁨")))))) -> 매우좋음
A33: 39 | B33: 9)능안천 | C33: 능안천 | D33: 양주시 백석읍 방성리 205-12 | E33: ='202601'!H33 -> 11.2 | F33: ='202602'!H33 -> 6.8 | G33: ='202603'!H33 -> 3.9 | H33: ='202604'!H33 -> 6.2 | I33: ='202605'!H33 -> 10.2 | J33: ='202606'!H33 -> 9.8 | K33: ='202607'!H33 -> 4.1 | L33: ='202608'!H33 -> 1.7 | M33: ='202609'!H33 -> 1.7 | Q33: =MAX(E33:P33) -> 11.2 | R33: =MIN(E33:P33) -> 1.7 | S33: =AVERAGE(E33:P33) -> 6.1777778 | T33: =STDEV(E33:P33) -> 3.6144771 | U33: =IF(S33<=25, "매우좋음", IF(S33<=25, "좋음", IF(S33<=25, "약간좋음", IF(S33<=25, "보통", IF(S33<=100, "약간나쁨", IF(S33<=100, "나쁨", "매우나쁨")))))) -> 매우좋음
A34: 44 | B34: 10)효촌천 | C34: 효촌천 | D34: 양주시 남면 상수리 264 | E34: ='202601'!H34 -> 28.8 | F34: ='202602'!H34 -> 8 | G34: ='202603'!H34 -> 7.2 | H34: ='202604'!H34 -> 5.6 | I34: ='202605'!H34 -> 31.6 | J34: ='202606'!H34 -> 11.6 | K34: ='202607'!H34 -> 9 | L34: ='202608'!H34 -> 13.2 | M34: ='202609'!H34 -> 13.2 | Q34: =MAX(E34:P34) -> 31.6 | R34: =MIN(E34:P34) -> 5.6 | S34: =AVERAGE(E34:P34) -> 14.244444 | T34: =STDEV(E34:P34) -> 9.4412805 | U34: =IF(S34<=25, "매우좋음", IF(S34<=25, "좋음", IF(S34<=25, "약간좋음", IF(S34<=25, "보통", IF(S34<=100, "약간나쁨", IF(S34<=100, "나쁨", "매우나쁨")))))) -> 매우좋음
A35: 46 | B35: 11)덕계천 | C35: 덕계천-하 | D35: 양주시 회정동 317-4 | E35: ='202601'!H35 -> 3.7 | F35: ='202602'!H35 -> 1.1 | G35: ='202603'!H35 -> 1.2 | H35: ='202604'!H35 -> 9.1 | I35: ='202605'!H35 -> 2.4 | J35: ='202606'!H35 -> 6.8 | K35: ='202607'!H35 -> 5.6 | L35: ='202608'!H35 -> 0.6 | M35: ='202609'!H35 -> 0.6 | Q35: =MAX(E35:P35) -> 9.1 | R35: =MIN(E35:P35) -> 0.6 | S35: =AVERAGE(E35:P35) -> 3.4555556 | T35: =STDEV(E35:P35) -> 3.0773816 | U35: =IF(S35<=25, "매우좋음", IF(S35<=25, "좋음", IF(S35<=25, "약간좋음", IF(S35<=25, "보통", IF(S35<=100, "약간나쁨", IF(S35<=100, "나쁨", "매우나쁨")))))) -> 매우좋음
A36: 47 | B36: 12)마개미천 | C36: 마개미천 | D36: 양주시 덕계동 169-17 | E36: ='202601'!H36 -> 16 | F36: ='202602'!H36 -> 4.8 | G36: ='202603'!H36 -> 6.2 | H36: ='202604'!H36 -> 7.6 | I36: ='202605'!H36 -> 7 | J36: ='202606'!H36 -> 2.9 | K36: ='202607'!H36 -> 15.6 | L36: ='202608'!H36 -> 2.5 | M36: ='202609'!H36 -> 2.5 | Q36: =MAX(E36:P36) -> 16 | R36: =MIN(E36:P36) -> 2.5 | S36: =AVERAGE(E36:P36) -> 7.2333333 | T36: =STDEV(E36:P36) -> 5.2156016 | U36: =IF(S36<=25, "매우좋음", IF(S36<=25, "좋음", IF(S36<=25, "약간좋음", IF(S36<=25, "보통", IF(S36<=100, "약간나쁨", IF(S36<=100, "나쁨", "매우나쁨")))))) -> 매우좋음
A37: 49 | B37: 13)회암천 | C37: 회암천_중 | D37: 양주시 옥정동로 율정초교 앞 | E37: ='202601'!H37 -> 3.5 | F37: ='202602'!H37 -> 0.9 | G37: ='202603'!H37 -> 2.9 | H37: ='202604'!H37 -> 15.5 | I37: ='202605'!H37 -> 24.8 | J37: ='202606'!H37 -> 14.4 | K37: ='202607'!H37 -> 11.6 | L37: ='202608'!H37 -> 1.9 | M37: ='202609'!H37 -> 1.9 | Q37: =MAX(E37:P37) -> 24.8 | R37: =MIN(E37:P37) -> 0.9 | S37: =AVERAGE(E37:P37) -> 8.6 | T37: =STDEV(E37:P37) -> 8.3685423 | U37: =IF(S37<=25, "매우좋음", IF(S37<=25, "좋음", IF(S37<=25, "약간좋음", IF(S37<=25, "보통", IF(S37<=100, "약간나쁨", IF(S37<=100, "나쁨", "매우나쁨")))))) -> 매우좋음
A38: 50 | B38: 14)청담천 | C38: 청담천 | D38: 양주시 고암동 211-1 | E38: ='202601'!H38 -> 7 | F38: ='202602'!H38 -> 12 | G38: ='202603'!H38 -> 186.4 | H38: ='202604'!H38 -> 124.8 | I38: ='202605'!H38 -> 17 | J38: ='202606'!H38 -> 9.3 | K38: ='202607'!H38 -> 4.5 | L38: ='202608'!H38 -> 2.2 | M38: ='202609'!H38 -> 2.2 | Q38: =MAX(E38:P38) -> 186.4 | R38: =MIN(E38:P38) -> 2.2 | S38: =AVERAGE(E38:P38) -> 40.6 | T38: =STDEV(E38:P38) -> 67.159493 | U38: =IF(S38<=25, "매우좋음", IF(S38<=25, "좋음", IF(S38<=25, "약간좋음", IF(S38<=25, "보통", IF(S38<=100, "약간나쁨", IF(S38<=100, "나쁨", "매우나쁨")))))) -> 약간나쁨
B39: 15)상패천 | C39: 상패천 | D39: 동두천시 상패동 307-7 인근 (강변교 아래) (신천 합류 전) | E39: ='202601'!H39 -> 1.3 | F39: ='202602'!H39 -> 3.6 | G39: ='202603'!H39 -> 8.4 | H39: ='202604'!H39 -> 10.2 | I39: ='202605'!H39 -> 15.6 | J39: ='202606'!H39 -> 12.8 | K39: ='202607'!H39 -> 10.3 | L39: ='202608'!H39 -> 15.4 | M39: ='202609'!H39 -> 15.4 | Q39: =MAX(E39:P39) -> 15.6 | R39: =MIN(E39:P39) -> 1.3 | S39: =AVERAGE(E39:P39) -> 10.333333 | T39: =STDEV(E39:P39) -> 5.1944682 | U39: =IF(S39<=25, "매우좋음", IF(S39<=25, "좋음", IF(S39<=25, "약간좋음", IF(S39<=25, "보통", IF(S39<=100, "약간나쁨", IF(S39<=100, "나쁨", "매우나쁨")))))) -> 매우좋음

Sheet 26년 월별 TN 현황
A1: 2026년 월별 TN 현황
A2: 연번 | B2: 하천명 | C2: 시료번호 | D2: 주 소 | E2: 1월 | F2: 2월 | G2: 3월 | H2: 4월 | I2: 5월 | J2: 6월 | K2: 7월 | L2: 8월 | M2: 9월 | N2: 10월 | O2: 11월 | P2: 12월 | Q2: 최대 | R2: 최소 | S2: 평균 | T2: 편차
A3: 2 | B3: 1)한탄강 | C3: 한탄강1 | D3: 포천시 창수면 운산리 영로교 아래 | E3: ='202601'!I3 -> 9.636 | F3: ='202602'!I3 -> 8.39 | G3: ='202603'!I3 -> 6.015 | H3: ='202604'!I3 -> 3.698 | I3: ='202605'!I3 -> 5.179 | J3: ='202606'!I3 -> 1.671 | K3: ='202607'!I3 -> 5.696 | L3: ='202608'!I3 -> 4.495 | M3: ='202609'!I3 -> 6.44 | Q3: =MAX(E3:P3) -> 9.636 | R3: =MIN(E3:P3) -> 1.671 | S3: =AVERAGE(E3:P3) -> 5.6911111 | T3: =STDEV(E3:P3) -> 2.3806154
A4: 3 | C4: 한탄강 연1 | D4: 연천군 전곡읍 신답리 1(영평천 합류전) | E4: ='202601'!I4 -> 3.047 | F4: ='202602'!I4 -> 2.733 | G4: ='202603'!I4 -> 2.253 | H4: ='202604'!I4 -> 2.271 | I4: ='202605'!I4 -> 2.592 | J4: ='202606'!I4 -> 2.109 | K4: ='202607'!I4 -> 1.865 | L4: ='202608'!I4 -> 1.42 | M4: ='202609'!I4 -> 4.553 | Q4: =MAX(E4:P4) -> 4.553 | R4: =MIN(E4:P4) -> 1.42 | S4: =AVERAGE(E4:P4) -> 2.5381111 | T4: =STDEV(E4:P4) -> 0.89440308
A5: 4 | C5: 한탄강 연2 | D5: 연천군 청산면 궁평리 561-1(영평천 합류후) | E5: ='202601'!I5 -> 4.723 | F5: ='202602'!I5 -> 3.941 | G5: ='202603'!I5 -> 3.486 | H5: ='202604'!I5 -> 2.953 | I5: ='202605'!I5 -> 3.007 | J5: ='202606'!I5 -> 2.025 | K5: ='202607'!I5 -> 1.863 | L5: ='202608'!I5 -> 2.199 | M5: ='202609'!I5 -> 4.481 | Q5: =MAX(E5:P5) -> 4.723 | R5: =MIN(E5:P5) -> 1.863 | S5: =AVERAGE(E5:P5) -> 3.1864444 | T5: =STDEV(E5:P5) -> 1.0522693
A6: 8 | C6: 한탄강 연4 | D6: 연천군 전곡읍 전곡리 681-2(세월교)_색도 목표지점 | E6: ='202601'!I6 -> 4.959 | F6: ='202602'!I6 -> 8.214 | G6: ='202603'!I6 -> 4.079 | H6: ='202604'!I6 -> 4.436 | I6: ='202605'!I6 -> 2.917 | J6: ='202606'!I6 -> 1.995 | K6: ='202607'!I6 -> 2.338 | L6: ='202608'!I6 -> 2.067 | M6: ='202609'!I6 -> 5.657 | Q6: =MAX(E6:P6) -> 8.214 | R6: =MIN(E6:P6) -> 1.995 | S6: =AVERAGE(E6:P6) -> 4.0735556 | T6: =STDEV(E6:P6) -> 2.0390689
A7: 10 | B7: 2)포천천 | C7: 포천천1 | D7: 포천시 소흘읍 무봉리 이동교리교 (포천천 상류,부인터사거리 뒤) | E7: ='202601'!I7 -> 10.672 | F7: ='202602'!I7 -> 7.857 | G7: ='202603'!I7 -> 6.124 | H7: ='202604'!I7 -> 1.342 | I7: ='202605'!I7 -> 1.93 | J7: ='202606'!I7 -> 1.489 | K7: ='202607'!I7 -> 4.574 | L7: ='202608'!I7 -> 3.848 | M7: ='202609'!I7 -> 2.679 | Q7: =MAX(E7:P7) -> 10.672 | R7: =MIN(E7:P7) -> 1.342 | S7: =AVERAGE(E7:P7) -> 4.5016667 | T7: =STDEV(E7:P7) -> 3.189651
A8: 11 | C8: 포천천2 | D8: 포천시 신읍동 한내교 아래(실제 가스충전소 뒤 / 중류) | E8: ='202601'!I8 -> 10.502 | F8: ='202602'!I8 -> 7.733 | G8: ='202603'!I8 -> 6.078 | H8: ='202604'!I8 -> 1.317 | I8: ='202605'!I8 -> 1.807 | J8: ='202606'!I8 -> 1.685 | K8: ='202607'!I8 -> 4.308 | L8: ='202608'!I8 -> 3.788 | M8: ='202609'!I8 -> 10.656 | Q8: =MAX(E8:P8) -> 10.656 | R8: =MIN(E8:P8) -> 1.317 | S8: =AVERAGE(E8:P8) -> 5.3193333 | T8: =STDEV(E8:P8) -> 3.6515873
A9: 12 | C9: 포천천3 | D9: 포천시 영중면 거사3리 농본교(포천천 하류) | E9: ='202601'!I9 -> 10.544 | F9: ='202602'!I9 -> 7.667 | G9: ='202603'!I9 -> 6.377 | H9: ='202604'!I9 -> 5.225 | I9: ='202605'!I9 -> 1.941 | J9: ='202606'!I9 -> 1.678 | K9: ='202607'!I9 -> 4.54 | L9: ='202608'!I9 -> 3.728 | M9: ='202609'!I9 -> 4.733 | Q9: =MAX(E9:P9) -> 10.544 | R9: =MIN(E9:P9) -> 1.678 | S9: =AVERAGE(E9:P9) -> 5.1592222 | T9: =STDEV(E9:P9) -> 2.7807699
A10: 13 | B10: 3)금현천 | C10: 금현천 | D10: 포천시 가산면 마산리 금현천교 아래(세창아파트 뒤) | E10: ='202601'!I10 -> 10.691 | F10: ='202602'!I10 -> 9.478 | G10: ='202603'!I10 -> 6.661 | H10: ='202604'!I10 -> 5.35 | I10: ='202605'!I10 -> 4.937 | J10: ='202606'!I10 -> 3.858 | K10: ='202607'!I10 -> 5.71 | L10: ='202608'!I10 -> 6.713 | M10: ='202609'!I10 -> 5.027 | Q10: =MAX(E10:P10) -> 10.691 | R10: =MIN(E10:P10) -> 3.858 | S10: =AVERAGE(E10:P10) -> 6.4916667 | T10: =STDEV(E10:P10) -> 2.2372721
A11: 14 | B11: 4)송우천 | C11: 송우천 | D11: 포천시 송우리 641-92(송우교 아래) | E11: ='202601'!I11 -> 10.587 | F11: ='202602'!I11 -> 9.504 | G11: ='202603'!I11 -> 6.648 | H11: ='202604'!I11 -> 5.335 | I11: ='202605'!I11 -> 4.996 | J11: ='202606'!I11 -> 3.733 | K11: ='202607'!I11 -> 5.841 | L11: ='202608'!I11 -> 6.702 | M11: ='202609'!I11 -> 3.593 | Q11: =MAX(E11:P11) -> 10.587 | R11: =MIN(E11:P11) -> 3.593 | S11: =AVERAGE(E11:P11) -> 6.3265556 | T11: =STDEV(E11:P11) -> 2.3895608 | V11: 1
A12: 17 | B12: 5)영평천 | C12: 영평천1 | D12: 포천시 이동면 노곡리 낭유대교 아래(영평천 상류) | E12: ='202601'!I12 -> 8.635 | F12: ='202602'!I12 -> 7.806 | G12: ='202603'!I12 -> 4.635 | H12: ='202604'!I12 -> 3.727 | I12: ='202605'!I12 -> 3.931 | J12: ='202606'!I12 -> 5.03 | K12: ='202607'!I12 -> 6.623 | L12: ='202608'!I12 -> 3.852 | M12: ='202609'!I12 -> 3.338 | Q12: =MAX(E12:P12) -> 8.635 | R12: =MIN(E12:P12) -> 3.338 | S12: =AVERAGE(E12:P12) -> 5.2863333 | T12: =STDEV(E12:P12) -> 1.935222
A13: 18 | C13: 영평천2 | D13: 포천시 영중면 성동리 와룡교 아래(수입천 합류 후) | E13: ='202601'!I13 -> 8.783 | F13: ='202602'!I13 -> 7.83 | G13: ='202603'!I13 -> 4.678 | H13: ='202604'!I13 -> 3.785 | I13: ='202605'!I13 -> 4.14 | J13: ='202606'!I13 -> 5.068 | K13: ='202607'!I13 -> 6.919 | L13: ='202608'!I13 -> 4.421 | M13: ='202609'!I13 -> 4.54 | Q13: =MAX(E13:P13) -> 8.783 | R13: =MIN(E13:P13) -> 3.785 | S13: =AVERAGE(E13:P13) -> 5.5737778 | T13: =STDEV(E13:P13) -> 1.7996713
A14: 20 | C14: 영평천3 | D14: 포천시 영중면 영송리 영평교 아래(포천천 합류 후) | E14: ='202601'!I14 -> 9.009 | F14: ='202602'!I14 -> 7.872 | G14: ='202603'!I14 -> 4.751 | H14: ='202604'!I14 -> 3.739 | I14: ='202605'!I14 -> 4.031 | J14: ='202606'!I14 -> 4.403 | K14: ='202607'!I14 -> 4.462 | L14: ='202608'!I14 -> 4.42 | M14: ='202609'!I14 -> 4.941 | Q14: =MAX(E14:P14) -> 9.009 | R14: =MIN(E14:P14) -> 3.739 | S14: =AVERAGE(E14:P14) -> 5.292 | T14: =STDEV(E14:P14) -> 1.8415315
A15: 21 | C15: 영평천4 | D15: 포천시 창수면 오가리 오가교 아래(외북천 합류 후) | E15: ='202601'!I15 -> 8.735 | F15: ='202602'!I15 -> 7.697 | G15: ='202603'!I15 -> 4.473 | H15: ='202604'!I15 -> 3.698 | I15: ='202605'!I15 -> 3.933 | J15: ='202606'!I15 -> 4.189 | K15: ='202607'!I15 -> 4.569 | L15: ='202608'!I15 -> 6.671 | M15: ='202609'!I15 -> 4.772 | Q15: =MAX(E15:P15) -> 8.735 | R15: =MIN(E15:P15) -> 3.698 | S15: =AVERAGE(E15:P15) -> 5.4152222 | T15: =STDEV(E15:P15) -> 1.8190477
A16: 22 | C16: 영평천5 | D16: 포천시 창수면 고소성리 백의교(포천-연천 경계 / 영평천 하류) | E16: ='202601'!I16 -> 8.827 | F16: ='202602'!I16 -> 7.535 | G16: ='202603'!I16 -> 4.718 | H16: ='202604'!I16 -> 3.702 | I16: ='202605'!I16 -> 5.043 | J16: ='202606'!I16 -> 4.19 | K16: ='202607'!I16 -> 4.607 | L16: ='202608'!I16 -> 6.637 | M16: ='202609'!I16 -> 5.821 | Q16: =MAX(E16:P16) -> 8.827 | R16: =MIN(E16:P16) -> 3.702 | S16: =AVERAGE(E16:P16) -> 5.6755556 | T16: =STDEV(E16:P16) -> 1.6917193
A17: 23 | B17: 6)외북천 | C17: 외북천2 | D17: 포천시 영중면 영송리 통일교 아래(외북천 중류) | E17: ='202601'!I17 -> 17.022 | F17: ='202602'!I17 -> 36.276 | G17: ='202603'!I17 -> 26.718 | H17: ='202604'!I17 -> 14.988 | I17: ='202605'!I17 -> 25.6 | J17: ='202606'!I17 -> 17.018 | K17: ='202607'!I17 -> 8.996 | L17: ='202608'!I17 -> 8.081 | M17: ='202609'!I17 -> 6.836 | Q17: =MAX(E17:P17) -> 36.276 | R17: =MIN(E17:P17) -> 6.836 | S17: =AVERAGE(E17:P17) -> 17.948333 | T17: =STDEV(E17:P17) -> 9.8921566
A18: 24 | C18: 외북천3 | D18: 포천시 영중면 영송리 두엄바이오 앞 (외북천 하류) | E18: ='202601'!I18 -> 17.319 | F18: ='202602'!I18 -> 35.668 | G18: ='202603'!I18 -> 29.178 | H18: ='202604'!I18 -> 14.773 | I18: ='202605'!I18 -> 26.038 | J18: ='202606'!I18 -> 16.22 | K18: ='202607'!I18 -> 9.146 | L18: ='202608'!I18 -> 8.096 | M18: ='202609'!I18 -> 6.293 | Q18: =MAX(E18:P18) -> 35.668 | R18: =MIN(E18:P18) -> 6.293 | S18: =AVERAGE(E18:P18) -> 18.081222 | T18: =STDEV(E18:P18) -> 10.181098
A19: 25 | B19: 7)수입천 | C19: 수입천 | D19: 포천시 일동면 사직리 1390-5(일이동처리장 입구) | E19: ='202601'!I19 -> 9.335 | F19: ='202602'!I19 -> 8.241 | G19: ='202603'!I19 -> 6.561 | H19: ='202604'!I19 -> 5.061 | I19: ='202605'!I19 -> 4.933 | J19: ='202606'!I19 -> 5.129 | K19: ='202607'!I19 -> 6.82 | L19: ='202608'!I19 -> 4.432 | M19: ='202609'!I19 -> 6.15 | Q19: =MAX(E19:P19) -> 9.335 | R19: =MIN(E19:P19) -> 4.432 | S19: =AVERAGE(E19:P19) -> 6.2957778 | T19: =STDEV(E19:P19) -> 1.6433214
A20: 26 | B20: 8)신천 | C20: 신천1 | D20: 양주시 백석읍 오산리 137-2(신천-오산리_방성천 합류 전) | E20: ='202601'!I20 -> 7.753 | F20: ='202602'!I20 -> 6.869 | G20: ='202603'!I20 -> 5.782 | H20: ='202604'!I20 -> 6.732 | I20: ='202605'!I20 -> 2.911 | J20: ='202606'!I20 -> 1.013 | K20: ='202607'!I20 -> 3.111 | L20: ='202608'!I20 -> 2.416 | M20: ='202609'!I20 -> 12.8 | Q20: =MAX(E20:P20) -> 12.8 | R20: =MIN(E20:P20) -> 1.013 | S20: =AVERAGE(E20:P20) -> 5.4874444 | T20: =STDEV(E20:P20) -> 3.6036538
A21: 27 | C21: 신천5 | D21: 양주시 광적면 가납리 710(신천-우고천 합류 후) | E21: ='202601'!I21 -> 9.158 | F21: ='202602'!I21 -> 10.139 | G21: ='202603'!I21 -> 9.054 | H21: ='202604'!I21 -> 10.423 | I21: ='202605'!I21 -> 21.18 | J21: ='202606'!I21 -> 17.856 | K21: ='202607'!I21 -> 3.315 | L21: ='202608'!I21 -> 3.708 | M21: ='202609'!I21 -> 18.047 | Q21: =MAX(E21:P21) -> 21.18 | R21: =MIN(E21:P21) -> 3.315 | S21: =AVERAGE(E21:P21) -> 11.431111 | T21: =STDEV(E21:P21) -> 6.3157665
A22: 28 | C22: 신천중류 | D22: 양주시 남면 상수리 104-39(입암천 합류 전) | E22: ='202601'!I22 -> 9.06 | F22: ='202602'!I22 -> 7.994 | G22: ='202603'!I22 -> 6.991 | H22: ='202604'!I22 -> 7.094 | I22: ='202605'!I22 -> 6.278 | J22: ='202606'!I22 -> 4.053 | K22: ='202607'!I22 -> 4.595 | L22: ='202608'!I22 -> 5.077 | M22: ='202609'!I22 -> 2.142 | Q22: =MAX(E22:P22) -> 9.06 | R22: =MIN(E22:P22) -> 2.142 | S22: =AVERAGE(E22:P22) -> 5.9204444 | T22: =STDEV(E22:P22) -> 2.1517377
A23: 29 | C23: 신천9 | D23: 양주시 은현면 운암리 60-15(은현교) | E23: ='202601'!I23 -> 9.912 | F23: ='202602'!I23 -> 9.462 | G23: ='202603'!I23 -> 7.295 | H23: ='202604'!I23 -> 7.276 | I23: ='202605'!I23 -> 6.173 | J23: ='202606'!I23 -> 4.916 | K23: ='202607'!I23 -> 4.822 | L23: ='202608'!I23 -> 4.428 | M23: ='202609'!I23 -> 1.999 | Q23: =MAX(E23:P23) -> 9.912 | R23: =MIN(E23:P23) -> 1.999 | S23: =AVERAGE(E23:P23) -> 6.2536667 | T23: =STDEV(E23:P23) -> 2.5270319
A24: 30 | C24: 용암교 | D24: 양주시 은현면 용암리 241-1(구 세월교) | E24: ='202601'!I24 -> 8.674 | F24: ='202602'!I24 -> 8.044 | G24: ='202603'!I24 -> 7.001 | H24: ='202604'!I24 -> 6.321 | I24: ='202605'!I24 -> 4.89 | J24: ='202606'!I24 -> 1.549 | K24: ='202607'!I24 -> 4.13 | L24: ='202608'!I24 -> 4.735 | M24: ='202609'!I24 -> 7.035 | Q24: =MAX(E24:P24) -> 8.674 | R24: =MIN(E24:P24) -> 1.549 | S24: =AVERAGE(E24:P24) -> 5.8198889 | T24: =STDEV(E24:P24) -> 2.2179141
A25: 31 | C25: 신천11 | D25: 양주시 은현면 용암리 240-1(위생환경사업소앞) | E25: ='202601'!I25 -> 8.547 | F25: ='202602'!I25 -> 8.13 | G25: ='202603'!I25 -> 7.141 | H25: ='202604'!I25 -> 6.302 | I25: ='202605'!I25 -> 5.289 | J25: ='202606'!I25 -> 3.116 | K25: ='202607'!I25 -> 4.093 | L25: ='202608'!I25 -> 5.038 | M25: ='202609'!I25 -> 1.538 | Q25: =MAX(E25:P25) -> 8.547 | R25: =MIN(E25:P25) -> 1.538 | S25: =AVERAGE(E25:P25) -> 5.466 | T25: =STDEV(E25:P25) -> 2.3223185
A26: 32 | C26: 신천13 | D26: 동두천시 송내동 651-3(현대아이파크 앞) | E26: ='202601'!I26 -> 8.788 | F26: ='202602'!I26 -> 9.326 | G26: ='202603'!I26 -> 8.257 | H26: ='202604'!I26 -> 6.359 | I26: ='202605'!I26 -> 4.898 | J26: ='202606'!I26 -> 4.766 | K26: ='202607'!I26 -> 4.252 | L26: ='202608'!I26 -> 3.493 | M26: ='202609'!I26 -> 4.782 | Q26: =MAX(E26:P26) -> 9.326 | R26: =MIN(E26:P26) -> 3.493 | S26: =AVERAGE(E26:P26) -> 6.1023333 | T26: =STDEV(E26:P26) -> 2.1657891
A27: 33 | C27: 신천15 | D27: 동두천시 보산동 429-48 인근 진검다리 | E27: ='202601'!I27 -> 11.069 | F27: ='202602'!I27 -> 12.374 | G27: ='202603'!I27 -> 10.286 | H27: ='202604'!I27 -> 9.285 | I27: ='202605'!I27 -> 8.268 | J27: ='202606'!I27 -> 6.28 | K27: ='202607'!I27 -> 5.619 | L27: ='202608'!I27 -> 4.188 | M27: ='202609'!I27 -> 4.188 | Q27: =MAX(E27:P27) -> 12.374 | R27: =MIN(E27:P27) -> 4.188 | S27: =AVERAGE(E27:P27) -> 7.9507778 | T27: =STDEV(E27:P27) -> 3.0242339
A28: 34 | C28: 신천17 | D28: 동두천시 하봉암동 340-1 인근 | E28: ='202601'!I28 -> 11.299 | F28: ='202602'!I28 -> 15.389 | G28: ='202603'!I28 -> 7.081 | H28: ='202604'!I28 -> 8.106 | I28: ='202605'!I28 -> 6.644 | J28: ='202606'!I28 -> 6.38 | K28: ='202607'!I28 -> 4.93 | L28: ='202608'!I28 -> 4.169 | M28: ='202609'!I28 -> 4.169 | Q28: =MAX(E28:P28) -> 15.389 | R28: =MIN(E28:P28) -> 4.169 | S28: =AVERAGE(E28:P28) -> 7.5741111 | T28: =STDEV(E28:P28) -> 3.6733031
A29: 35 | C29: 신천17-2 | D29: 동두천시 하봉암동 327-1(하봉암교) | E29: ='202601'!I29 -> 11.963 | F29: ='202602'!I29 -> 13.373 | G29: ='202603'!I29 -> 8.539 | H29: ='202604'!I29 -> 8.811 | I29: ='202605'!I29 -> 7.214 | J29: ='202606'!I29 -> 6.842 | K29: ='202607'!I29 -> 5.418 | L29: ='202608'!I29 -> 4.871 | M29: ='202609'!I29 -> 4.871 | Q29: =MAX(E29:P29) -> 13.373 | R29: =MIN(E29:P29) -> 4.871 | S29: =AVERAGE(E29:P29) -> 7.9891111 | T29: =STDEV(E29:P29) -> 3.0357956
A30: 36 | C30: 신천18-1 | D30: 연천군 청산면 초성리 426, 초성교(시군경계) | E30: ='202601'!I30 -> 10.145 | F30: ='202602'!I30 -> 14.195 | G30: ='202603'!I30 -> 11.012 | H30: ='202604'!I30 -> 10.175 | I30: ='202605'!I30 -> 8.387 | J30: ='202606'!I30 -> 7.473 | K30: ='202607'!I30 -> 4.987 | L30: ='202608'!I30 -> 4.678 | M30: ='202609'!I30 -> 4.678 | Q30: =MAX(E30:P30) -> 14.195 | R30: =MIN(E30:P30) -> 4.678 | S30: =AVERAGE(E30:P30) -> 8.4144444 | T30: =STDEV(E30:P30) -> 3.29418
A31: 37 | C31: 신천18 | D31: 연천군 청산면 초성리 142-5(신천교) | E31: ='202601'!I31 -> 10.207 | F31: ='202602'!I31 -> 13.594 | G31: ='202603'!I31 -> 10.437 | H31: ='202604'!I31 -> 9.639 | I31: ='202605'!I31 -> 7.688 | J31: ='202606'!I31 -> 7.017 | K31: ='202607'!I31 -> 5.039 | L31: ='202608'!I31 -> 4.521 | M31: ='202609'!I31 -> 4.521 | Q31: =MAX(E31:P31) -> 13.594 | R31: =MIN(E31:P31) -> 4.521 | S31: =AVERAGE(E31:P31) -> 8.0736667 | T31: =STDEV(E31:P31) -> 3.1380362
A32: 38 | C32: 신천20 | D32: 연천군 청산면 초성리 306-5(대전교) | E32: ='202601'!I32 -> 9.53 | F32: ='202602'!I32 -> 13.078 | G32: ='202603'!I32 -> 10.711 | H32: ='202604'!I32 -> 8.133 | I32: ='202605'!I32 -> 6.682 | J32: ='202606'!I32 -> 5.755 | K32: ='202607'!I32 -> 4.955 | L32: ='202608'!I32 -> 3.745 | M32: ='202609'!I32 -> 3.745 | Q32: =MAX(E32:P32) -> 13.078 | R32: =MIN(E32:P32) -> 3.745 | S32: =AVERAGE(E32:P32) -> 7.3704444 | T32: =STDEV(E32:P32) -> 3.2439628
A33: 39 | B33: 9)능안천 | C33: 능안천 | D33: 양주시 백석읍 방성리 205-12 | E33: ='202601'!I33 -> 72.337 | F33: ='202602'!I33 -> 25.174 | G33: ='202603'!I33 -> 45.867 | H33: ='202604'!I33 -> 152.947 | I33: ='202605'!I33 -> 112.056 | J33: ='202606'!I33 -> 49.401 | K33: ='202607'!I33 -> 4.032 | L33: ='202608'!I33 -> 13.962 | M33: ='202609'!I33 -> 13.962 | Q33: =MAX(E33:P33) -> 152.947 | R33: =MIN(E33:P33) -> 4.032 | S33: =AVERAGE(E33:P33) -> 54.415333 | T33: =STDEV(E33:P33) -> 50.145812
A34: 44 | B34: 10)효촌천 | C34: 효촌천 | D34: 양주시 남면 상수리 264 | E34: ='202601'!I34 -> 9.286 | F34: ='202602'!I34 -> 6.517 | G34: ='202603'!I34 -> 5.591 | H34: ='202604'!I34 -> 5.04 | I34: ='202605'!I34 -> 6.255 | J34: ='202606'!I34 -> 2.378 | K34: ='202607'!I34 -> 4.737 | L34: ='202608'!I34 -> 4.497 | M34: ='202609'!I34 -> 4.497 | Q34: =MAX(E34:P34) -> 9.286 | R34: =MIN(E34:P34) -> 2.378 | S34: =AVERAGE(E34:P34) -> 5.422 | T34: =STDEV(E34:P34) -> 1.8856135
A35: 46 | B35: 11)덕계천 | C35: 덕계천-하 | D35: 양주시 회정동 317-4 | E35: ='202601'!I35 -> 4.418 | F35: ='202602'!I35 -> 3.405 | G35: ='202603'!I35 -> 3.766 | H35: ='202604'!I35 -> 1.723 | I35: ='202605'!I35 -> 1.833 | J35: ='202606'!I35 -> 1.385 | K35: ='202607'!I35 -> 2.587 | L35: ='202608'!I35 -> 3.975 | M35: ='202609'!I35 -> 3.975 | Q35: =MAX(E35:P35) -> 4.418 | R35: =MIN(E35:P35) -> 1.385 | S35: =AVERAGE(E35:P35) -> 3.0074444 | T35: =STDEV(E35:P35) -> 1.1420195
A36: 47 | B36: 12)마개미천 | C36: 마개미천 | D36: 양주시 덕계동 169-17 | E36: ='202601'!I36 -> 3.673 | F36: ='202602'!I36 -> 3.98 | G36: ='202603'!I36 -> 4.138 | H36: ='202604'!I36 -> 3.336 | I36: ='202605'!I36 -> 2.286 | J36: ='202606'!I36 -> 1.035 | K36: ='202607'!I36 -> 3.144 | L36: ='202608'!I36 -> 3.279 | M36: ='202609'!I36 -> 3.279 | Q36: =MAX(E36:P36) -> 4.138 | R36: =MIN(E36:P36) -> 1.035 | S36: =AVERAGE(E36:P36) -> 3.1277778 | T36: =STDEV(E36:P36) -> 0.95011602
A37: 49 | B37: 13)회암천 | C37: 회암천_중 | D37: 양주시 옥정동로 율정초교 앞 | E37: ='202601'!I37 -> 10.98 | F37: ='202602'!I37 -> 12.12 | G37: ='202603'!I37 -> 9.442 | H37: ='202604'!I37 -> 10.973 | I37: ='202605'!I37 -> 10.832 | J37: ='202606'!I37 -> 10.134 | K37: ='202607'!I37 -> 5.666 | L37: ='202608'!I37 -> 8.889 | M37: ='202609'!I37 -> 8.889 | Q37: =MAX(E37:P37) -> 12.12 | R37: =MIN(E37:P37) -> 5.666 | S37: =AVERAGE(E37:P37) -> 9.7694444 | T37: =STDEV(E37:P37) -> 1.8773941
A38: 50 | B38: 14)청담천 | C38: 청담천 | D38: 양주시 고암동 211-1 | E38: ='202601'!I38 -> 4.32 | F38: ='202602'!I38 -> 3.604 | G38: ='202603'!I38 -> 3.566 | H38: ='202604'!I38 -> 3.023 | I38: ='202605'!I38 -> 2.36 | J38: ='202606'!I38 -> 3.045 | K38: ='202607'!I38 -> 2.894 | L38: ='202608'!I38 -> 2.619 | M38: ='202609'!I38 -> 2.619 | Q38: =MAX(E38:P38) -> 4.32 | R38: =MIN(E38:P38) -> 2.36 | S38: =AVERAGE(E38:P38) -> 3.1166667 | T38: =STDEV(E38:P38) -> 0.61428658
B39: 15)상패천 | C39: 상패천 | D39: 동두천시 상패동 307-7 인근 (강변교 아래) (신천 합류 전) | E39: ='202601'!I39 -> 7.876 | F39: ='202602'!I39 -> 7.968 | G39: ='202603'!I39 -> 3.594 | H39: ='202604'!I39 -> 4.033 | I39: ='202605'!I39 -> 8.003 | J39: ='202606'!I39 -> 0.678 | K39: ='202607'!I39 -> 3.817 | L39: ='202608'!I39 -> 0.696 | M39: ='202609'!I39 -> 0.696 | Q39: =MAX(E39:P39) -> 8.003 | R39: =MIN(E39:P39) -> 0.678 | S39: =AVERAGE(E39:P39) -> 4.1512222 | T39: =STDEV(E39:P39) -> 3.1554422

Sheet 26년 월별 TP 현황
A1: 2026년 월별 TP 현황
A2: 연번 | B2: 하천명 | C2: 시료번호 | D2: 주 소 | E2: 1월 | F2: 2월 | G2: 3월 | H2: 4월 | I2: 5월 | J2: 6월 | K2: 7월 | L2: 8월 | M2: 9월 | N2: 10월 | O2: 11월 | P2: 12월 | Q2: 최대 | R2: 최소 | S2: 평균 | T2: 편차 | U2: 생활환경 기준등급
A3: 2 | B3: 1)한탄강 | C3: 한탄강1 | D3: 포천시 창수면 운산리 영로교 아래 | E3: ='202601'!J3 -> 0.169 | F3: ='202602'!J3 -> 0.073 | G3: ='202603'!J3 -> 0.036 | H3: ='202604'!J3 -> 0.031 | I3: ='202605'!J3 -> 0.109 | J3: ='202606'!J3 -> 0.083 | K3: ='202607'!J3 -> 0.05 | L3: ='202608'!J3 -> 0.058 | M3: ='202609'!J3 -> 0.02 | Q3: =MAX(E3:P3) -> 0.169 | R3: =MIN(E3:P3) -> 0.02 | S3: =AVERAGE(E3:P3) -> 0.069888889 | T3: =STDEV(E3:P3) -> 0.04639624 | U3: =IF(S3<=0.02, "매우좋음", IF(S3<=0.04, "좋음", IF(S3<=0.1, "약간좋음", IF(S3<=0.2, "보통", IF(S3<=0.3, "약간나쁨", IF(S3<=0.5, "나쁨", "매우나쁨")))))) -> 약간좋음
A4: 3 | C4: 한탄강 연1 | D4: 연천군 전곡읍 신답리 1(영평천 합류전) | E4: ='202601'!J4 -> 0.011 | F4: ='202602'!J4 -> 0.025 | G4: ='202603'!J4 -> 0.018 | H4: ='202604'!J4 -> 0.046 | I4: ='202605'!J4 -> 0.031 | J4: ='202606'!J4 -> 0.049 | K4: ='202607'!J4 -> 0.044 | L4: ='202608'!J4 -> 0.01 | M4: ='202609'!J4 -> 0.081 | Q4: =MAX(E4:P4) -> 0.081 | R4: =MIN(E4:P4) -> 0.01 | S4: =AVERAGE(E4:P4) -> 0.035 | T4: =STDEV(E4:P4) -> 0.022693611 | U4: =IF(S4<=0.02, "매우좋음", IF(S4<=0.04, "좋음", IF(S4<=0.1, "약간좋음", IF(S4<=0.2, "보통", IF(S4<=0.3, "약간나쁨", IF(S4<=0.5, "나쁨", "매우나쁨")))))) -> 좋음
A5: 4 | C5: 한탄강 연2 | D5: 연천군 청산면 궁평리 561-1(영평천 합류후) | E5: ='202601'!J5 -> 0.014 | F5: ='202602'!J5 -> 0.027 | G5: ='202603'!J5 -> 0.021 | H5: ='202604'!J5 -> 0.051 | I5: ='202605'!J5 -> 0.037 | J5: ='202606'!J5 -> 0.032 | K5: ='202607'!J5 -> 0.044 | L5: ='202608'!J5 -> 0.012 | M5: ='202609'!J5 -> 0.076 | Q5: =MAX(E5:P5) -> 0.076 | R5: =MIN(E5:P5) -> 0.012 | S5: =AVERAGE(E5:P5) -> 0.034888889 | T5: =STDEV(E5:P5) -> 0.020189381 | U5: =IF(S5<=0.02, "매우좋음", IF(S5<=0.04, "좋음", IF(S5<=0.1, "약간좋음", IF(S5<=0.2, "보통", IF(S5<=0.3, "약간나쁨", IF(S5<=0.5, "나쁨", "매우나쁨")))))) -> 좋음
A6: 8 | C6: 한탄강 연4 | D6: 연천군 전곡읍 전곡리 681-2(세월교)_색도 목표지점 | E6: ='202601'!J6 -> 0.019 | F6: ='202602'!J6 -> 0.051 | G6: ='202603'!J6 -> 0.027 | H6: ='202604'!J6 -> 0.064 | I6: ='202605'!J6 -> 0.041 | J6: ='202606'!J6 -> 0.048 | K6: ='202607'!J6 -> 0.047 | L6: ='202608'!J6 -> 0.011 | M6: ='202609'!J6 -> 0.07 | Q6: =MAX(E6:P6) -> 0.07 | R6: =MIN(E6:P6) -> 0.011 | S6: =AVERAGE(E6:P6) -> 0.042 | T6: =STDEV(E6:P6) -> 0.019767397 | U6: =IF(S6<=0.02, "매우좋음", IF(S6<=0.04, "좋음", IF(S6<=0.1, "약간좋음", IF(S6<=0.2, "보통", IF(S6<=0.3, "약간나쁨", IF(S6<=0.5, "나쁨", "매우나쁨")))))) -> 약간좋음
A7: 10 | B7: 2)포천천 | C7: 포천천1 | D7: 포천시 소흘읍 무봉리 이동교리교 (포천천 상류,부인터사거리 뒤) | E7: ='202601'!J7 -> 0.055 | F7: ='202602'!J7 -> 0.043 | G7: ='202603'!J7 -> 0.037 | H7: ='202604'!J7 -> 0.039 | I7: ='202605'!J7 -> 0.138 | J7: ='202606'!J7 -> 0.032 | K7: ='202607'!J7 -> 0.076 | L7: ='202608'!J7 -> 0.1 | M7: ='202609'!J7 -> 0.056 | Q7: =MAX(E7:P7) -> 0.138 | R7: =MIN(E7:P7) -> 0.032 | S7: =AVERAGE(E7:P7) -> 0.064 | T7: =STDEV(E7:P7) -> 0.035142567 | U7: =IF(S7<=0.02, "매우좋음", IF(S7<=0.04, "좋음", IF(S7<=0.1, "약간좋음", IF(S7<=0.2, "보통", IF(S7<=0.3, "약간나쁨", IF(S7<=0.5, "나쁨", "매우나쁨")))))) -> 약간좋음
A8: 11 | C8: 포천천2 | D8: 포천시 신읍동 한내교 아래(실제 가스충전소 뒤 / 중류) | E8: ='202601'!J8 -> 0.06 | F8: ='202602'!J8 -> 0.05 | G8: ='202603'!J8 -> 0.034 | H8: ='202604'!J8 -> 0.04 | I8: ='202605'!J8 -> 0.139 | J8: ='202606'!J8 -> 0.083 | K8: ='202607'!J8 -> 0.073 | L8: ='202608'!J8 -> 0.096 | M8: ='202609'!J8 -> 0.14 | Q8: =MAX(E8:P8) -> 0.14 | R8: =MIN(E8:P8) -> 0.034 | S8: =AVERAGE(E8:P8) -> 0.079444444 | T8: =STDEV(E8:P8) -> 0.03938309 | U8: =IF(S8<=0.02, "매우좋음", IF(S8<=0.04, "좋음", IF(S8<=0.1, "약간좋음", IF(S8<=0.2, "보통", IF(S8<=0.3, "약간나쁨", IF(S8<=0.5, "나쁨", "매우나쁨")))))) -> 약간좋음
A9: 12 | C9: 포천천3 | D9: 포천시 영중면 거사3리 농본교(포천천 하류) | E9: ='202601'!J9 -> 0.058 | F9: ='202602'!J9 -> 0.045 | G9: ='202603'!J9 -> 0.036 | H9: ='202604'!J9 -> 0.068 | I9: ='202605'!J9 -> 0.15 | J9: ='202606'!J9 -> 0.072 | K9: ='202607'!J9 -> 0.075 | L9: ='202608'!J9 -> 0.098 | M9: ='202609'!J9 -> 0.042 | Q9: =MAX(E9:P9) -> 0.15 | R9: =MIN(E9:P9) -> 0.036 | S9: =AVERAGE(E9:P9) -> 0.071555556 | T9: =STDEV(E9:P9) -> 0.035185619 | U9: =IF(S9<=0.02, "매우좋음", IF(S9<=0.04, "좋음", IF(S9<=0.1, "약간좋음", IF(S9<=0.2, "보통", IF(S9<=0.3, "약간나쁨", IF(S9<=0.5, "나쁨", "매우나쁨")))))) -> 약간좋음
A10: 13 | B10: 3)금현천 | C10: 금현천 | D10: 포천시 가산면 마산리 금현천교 아래(세창아파트 뒤) | E10: ='202601'!J10 -> 0.03 | F10: ='202602'!J10 -> 0.038 | G10: ='202603'!J10 -> 0.05 | H10: ='202604'!J10 -> 0.253 | I10: ='202605'!J10 -> 0.04 | J10: ='202606'!J10 -> 0.034 | K10: ='202607'!J10 -> 0.05 | L10: ='202608'!J10 -> 0.028 | M10: ='202609'!J10 -> 0.017 | Q10: =MAX(E10:P10) -> 0.253 | R10: =MIN(E10:P10) -> 0.017 | S10: =AVERAGE(E10:P10) -> 0.06 | T10: =STDEV(E10:P10) -> 0.073128312 | U10: =IF(S10<=0.02, "매우좋음", IF(S10<=0.04, "좋음", IF(S10<=0.1, "약간좋음", IF(S10<=0.2, "보통", IF(S10<=0.3, "약간나쁨", IF(S10<=0.5, "나쁨", "매우나쁨")))))) -> 약간좋음
A11: 14 | B11: 4)송우천 | C11: 송우천 | D11: 포천시 송우리 641-92(송우교 아래) | E11: ='202601'!J11 -> 0.028 | F11: ='202602'!J11 -> 0.039 | G11: ='202603'!J11 -> 0.05 | H11: ='202604'!J11 -> 0.253 | I11: ='202605'!J11 -> 0.04 | J11: ='202606'!J11 -> 0.035 | K11: ='202607'!J11 -> 0.052 | L11: ='202608'!J11 -> 0.027 | M11: ='202609'!J11 -> 0.042 | Q11: =MAX(E11:P11) -> 0.253 | R11: =MIN(E11:P11) -> 0.027 | S11: =AVERAGE(E11:P11) -> 0.062888889 | T11: =STDEV(E11:P11) -> 0.071799102 | U11: =IF(S11<=0.02, "매우좋음", IF(S11<=0.04, "좋음", IF(S11<=0.1, "약간좋음", IF(S11<=0.2, "보통", IF(S11<=0.3, "약간나쁨", IF(S11<=0.5, "나쁨", "매우나쁨")))))) -> 약간좋음 | W11: 1
A12: 17 | B12: 5)영평천 | C12: 영평천1 | D12: 포천시 이동면 노곡리 낭유대교 아래(영평천 상류) | E12: ='202601'!J12 -> 0.086 | F12: ='202602'!J12 -> 0.047 | G12: ='202603'!J12 -> 0.021 | H12: ='202604'!J12 -> 0.039 | I12: ='202605'!J12 -> 0.038 | J12: ='202606'!J12 -> 0.081 | K12: ='202607'!J12 -> 0.064 | L12: ='202608'!J12 -> 0.098 | M12: ='202609'!J12 -> 0.043 | Q12: =MAX(E12:P12) -> 0.098 | R12: =MIN(E12:P12) -> 0.021 | S12: =AVERAGE(E12:P12) -> 0.057444444 | T12: =STDEV(E12:P12) -> 0.026034166 | U12: =IF(S12<=0.02, "매우좋음", IF(S12<=0.04, "좋음", IF(S12<=0.1, "약간좋음", IF(S12<=0.2, "보통", IF(S12<=0.3, "약간나쁨", IF(S12<=0.5, "나쁨", "매우나쁨")))))) -> 약간좋음
A13: 18 | C13: 영평천2 | D13: 포천시 영중면 성동리 와룡교 아래(수입천 합류 후) | E13: ='202601'!J13 -> 0.088 | F13: ='202602'!J13 -> 0.044 | G13: ='202603'!J13 -> 0.022 | H13: ='202604'!J13 -> 0.033 | I13: ='202605'!J13 -> 0.041 | J13: ='202606'!J13 -> 0.083 | K13: ='202607'!J13 -> 0.064 | L13: ='202608'!J13 -> 0.055 | M13: ='202609'!J13 -> 0.081 | Q13: =MAX(E13:P13) -> 0.088 | R13: =MIN(E13:P13) -> 0.022 | S13: =AVERAGE(E13:P13) -> 0.056777778 | T13: =STDEV(E13:P13) -> 0.023694819 | U13: =IF(S13<=0.02, "매우좋음", IF(S13<=0.04, "좋음", IF(S13<=0.1, "약간좋음", IF(S13<=0.2, "보통", IF(S13<=0.3, "약간나쁨", IF(S13<=0.5, "나쁨", "매우나쁨")))))) -> 약간좋음
A14: 20 | C14: 영평천3 | D14: 포천시 영중면 영송리 영평교 아래(포천천 합류 후) | E14: ='202601'!J14 -> 0.084 | F14: ='202602'!J14 -> 0.042 | G14: ='202603'!J14 -> 0.035 | H14: ='202604'!J14 -> 0.034 | I14: ='202605'!J14 -> 0.04 | J14: ='202606'!J14 -> 0.04 | K14: ='202607'!J14 -> 0.039 | L14: ='202608'!J14 -> 0.057 | M14: ='202609'!J14 -> 0.099 | Q14: =MAX(E14:P14) -> 0.099 | R14: =MIN(E14:P14) -> 0.034 | S14: =AVERAGE(E14:P14) -> 0.052222222 | T14: =STDEV(E14:P14) -> 0.0235254 | U14: =IF(S14<=0.02, "매우좋음", IF(S14<=0.04, "좋음", IF(S14<=0.1, "약간좋음", IF(S14<=0.2, "보통", IF(S14<=0.3, "약간나쁨", IF(S14<=0.5, "나쁨", "매우나쁨")))))) -> 약간좋음
A15: 21 | C15: 영평천4 | D15: 포천시 창수면 오가리 오가교 아래(외북천 합류 후) | E15: ='202601'!J15 -> 0.085 | F15: ='202602'!J15 -> 0.042 | G15: ='202603'!J15 -> 0.021 | H15: ='202604'!J15 -> 0.035 | I15: ='202605'!J15 -> 0.04 | J15: ='202606'!J15 -> 0.035 | K15: ='202607'!J15 -> 0.039 | L15: ='202608'!J15 -> 0.025 | M15: ='202609'!J15 -> 0.078 | Q15: =MAX(E15:P15) -> 0.085 | R15: =MIN(E15:P15) -> 0.021 | S15: =AVERAGE(E15:P15) -> 0.044444444 | T15: =STDEV(E15:P15) -> 0.022170426 | U15: =IF(S15<=0.02, "매우좋음", IF(S15<=0.04, "좋음", IF(S15<=0.1, "약간좋음", IF(S15<=0.2, "보통", IF(S15<=0.3, "약간나쁨", IF(S15<=0.5, "나쁨", "매우나쁨")))))) -> 약간좋음
A16: 22 | C16: 영평천5 | D16: 포천시 창수면 고소성리 백의교(포천-연천 경계 / 영평천 하류) | E16: ='202601'!J16 -> 0.085 | F16: ='202602'!J16 -> 0.046 | G16: ='202603'!J16 -> 0.031 | H16: ='202604'!J16 -> 0.036 | I16: ='202605'!J16 -> 0.102 | J16: ='202606'!J16 -> 0.03 | K16: ='202607'!J16 -> 0.039 | L16: ='202608'!J16 -> 0.025 | M16: ='202609'!J16 -> 0.114 | Q16: =MAX(E16:P16) -> 0.114 | R16: =MIN(E16:P16) -> 0.025 | S16: =AVERAGE(E16:P16) -> 0.056444444 | T16: =STDEV(E16:P16) -> 0.034223936 | U16: =IF(S16<=0.02, "매우좋음", IF(S16<=0.04, "좋음", IF(S16<=0.1, "약간좋음", IF(S16<=0.2, "보통", IF(S16<=0.3, "약간나쁨", IF(S16<=0.5, "나쁨", "매우나쁨")))))) -> 약간좋음
A17: 23 | B17: 6)외북천 | C17: 외북천2 | D17: 포천시 영중면 영송리 통일교 아래(외북천 중류) | E17: ='202601'!J17 -> 0.038 | F17: ='202602'!J17 -> 0.059 | G17: ='202603'!J17 -> 0.088 | H17: ='202604'!J17 -> 0.069 | I17: ='202605'!J17 -> 0.057 | J17: ='202606'!J17 -> 0.08 | K17: ='202607'!J17 -> 0.121 | L17: ='202608'!J17 -> 0.821 | M17: ='202609'!J17 -> 0.084 | Q17: =MAX(E17:P17) -> 0.821 | R17: =MIN(E17:P17) -> 0.038 | S17: =AVERAGE(E17:P17) -> 0.15744444 | T17: =STDEV(E17:P17) -> 0.24992955 | U17: =IF(S17<=0.02, "매우좋음", IF(S17<=0.04, "좋음", IF(S17<=0.1, "약간좋음", IF(S17<=0.2, "보통", IF(S17<=0.3, "약간나쁨", IF(S17<=0.5, "나쁨", "매우나쁨")))))) -> 보통
A18: 24 | C18: 외북천3 | D18: 포천시 영중면 영송리 두엄바이오 앞 (외북천 하류) | E18: ='202601'!J18 -> 0.034 | F18: ='202602'!J18 -> 0.06 | G18: ='202603'!J18 -> 0.091 | H18: ='202604'!J18 -> 0.067 | I18: ='202605'!J18 -> 0.06 | J18: ='202606'!J18 -> 0.085 | K18: ='202607'!J18 -> 0.128 | L18: ='202608'!J18 -> 0.827 | M18: ='202609'!J18 -> 0.077 | Q18: =MAX(E18:P18) -> 0.827 | R18: =MIN(E18:P18) -> 0.034 | S18: =AVERAGE(E18:P18) -> 0.15877778 | T18: =STDEV(E18:P18) -> 0.25191754 | U18: =IF(S18<=0.02, "매우좋음", IF(S18<=0.04, "좋음", IF(S18<=0.1, "약간좋음", IF(S18<=0.2, "보통", IF(S18<=0.3, "약간나쁨", IF(S18<=0.5, "나쁨", "매우나쁨")))))) -> 보통
A19: 25 | B19: 7)수입천 | C19: 수입천 | D19: 포천시 일동면 사직리 1390-5(일이동처리장 입구) | E19: ='202601'!J19 -> 0.169 | F19: ='202602'!J19 -> 0.078 | G19: ='202603'!J19 -> 0.046 | H19: ='202604'!J19 -> 0.068 | I19: ='202605'!J19 -> 0.098 | J19: ='202606'!J19 -> 0.088 | K19: ='202607'!J19 -> 0.064 | L19: ='202608'!J19 -> 0.058 | M19: ='202609'!J19 -> 0.071 | Q19: =MAX(E19:P19) -> 0.169 | R19: =MIN(E19:P19) -> 0.046 | S19: =AVERAGE(E19:P19) -> 0.082222222 | T19: =STDEV(E19:P19) -> 0.036037403 | U19: =IF(S19<=0.02, "매우좋음", IF(S19<=0.04, "좋음", IF(S19<=0.1, "약간좋음", IF(S19<=0.2, "보통", IF(S19<=0.3, "약간나쁨", IF(S19<=0.5, "나쁨", "매우나쁨")))))) -> 약간좋음
A20: 26 | B20: 8)신천 | C20: 신천1 | D20: 양주시 백석읍 오산리 137-2(신천-오산리_방성천 합류 전) | E20: ='202601'!J20 -> 0.156 | F20: ='202602'!J20 -> 0.093 | G20: ='202603'!J20 -> 0.086 | H20: ='202604'!J20 -> 0.08 | I20: ='202605'!J20 -> 0.11 | J20: ='202606'!J20 -> 0.089 | K20: ='202607'!J20 -> 0.066 | L20: ='202608'!J20 -> 0.036 | M20: ='202609'!J20 -> 0.091 | Q20: =MAX(E20:P20) -> 0.156 | R20: =MIN(E20:P20) -> 0.036 | S20: =AVERAGE(E20:P20) -> 0.089666667 | T20: =STDEV(E20:P20) -> 0.032353516 | U20: =IF(S20<=0.02, "매우좋음", IF(S20<=0.04, "좋음", IF(S20<=0.1, "약간좋음", IF(S20<=0.2, "보통", IF(S20<=0.3, "약간나쁨", IF(S20<=0.5, "나쁨", "매우나쁨")))))) -> 약간좋음
A21: 27 | C21: 신천5 | D21: 양주시 광적면 가납리 710(신천-우고천 합류 후) | E21: ='202601'!J21 -> 0.07 | F21: ='202602'!J21 -> 0.118 | G21: ='202603'!J21 -> 0.093 | H21: ='202604'!J21 -> 0.13 | I21: ='202605'!J21 -> 0.2 | J21: ='202606'!J21 -> 0.213 | K21: ='202607'!J21 -> 0.11 | L21: ='202608'!J21 -> 0.107 | M21: ='202609'!J21 -> 0.074 | Q21: =MAX(E21:P21) -> 0.213 | R21: =MIN(E21:P21) -> 0.07 | S21: =AVERAGE(E21:P21) -> 0.12388889 | T21: =STDEV(E21:P21) -> 0.050782488 | U21: =IF(S21<=0.02, "매우좋음", IF(S21<=0.04, "좋음", IF(S21<=0.1, "약간좋음", IF(S21<=0.2, "보통", IF(S21<=0.3, "약간나쁨", IF(S21<=0.5, "나쁨", "매우나쁨")))))) -> 보통
A22: 28 | C22: 신천중류 | D22: 양주시 남면 상수리 104-39(입암천 합류 전) | E22: ='202601'!J22 -> 0.095 | F22: ='202602'!J22 -> 0.081 | G22: ='202603'!J22 -> 0.108 | H22: ='202604'!J22 -> 0.127 | I22: ='202605'!J22 -> 0.106 | J22: ='202606'!J22 -> 0.075 | K22: ='202607'!J22 -> 0.102 | L22: ='202608'!J22 -> 0.084 | M22: ='202609'!J22 -> 0.026 | Q22: =MAX(E22:P22) -> 0.127 | R22: =MIN(E22:P22) -> 0.026 | S22: =AVERAGE(E22:P22) -> 0.089333333 | T22: =STDEV(E22:P22) -> 0.028618176 | U22: =IF(S22<=0.02, "매우좋음", IF(S22<=0.04, "좋음", IF(S22<=0.1, "약간좋음", IF(S22<=0.2, "보통", IF(S22<=0.3, "약간나쁨", IF(S22<=0.5, "나쁨", "매우나쁨")))))) -> 약간좋음
A23: 29 | C23: 신천9 | D23: 양주시 은현면 운암리 60-15(은현교) | E23: ='202601'!J23 -> 0.055 | F23: ='202602'!J23 -> 0.064 | G23: ='202603'!J23 -> 0.097 | H23: ='202604'!J23 -> 0.128 | I23: ='202605'!J23 -> 0.021 | J23: ='202606'!J23 -> 0.079 | K23: ='202607'!J23 -> 0.119 | L23: ='202608'!J23 -> 0.084 | M23: ='202609'!J23 -> 0.014 | Q23: =MAX(E23:P23) -> 0.128 | R23: =MIN(E23:P23) -> 0.014 | S23: =AVERAGE(E23:P23) -> 0.073444444 | T23: =STDEV(E23:P23) -> 0.039468694 | U23: =IF(S23<=0.02, "매우좋음", IF(S23<=0.04, "좋음", IF(S23<=0.1, "약간좋음", IF(S23<=0.2, "보통", IF(S23<=0.3, "약간나쁨", IF(S23<=0.5, "나쁨", "매우나쁨")))))) -> 약간좋음
A24: 30 | C24: 용암교 | D24: 양주시 은현면 용암리 241-1(구 세월교) | E24: ='202601'!J24 -> 0.084 | F24: ='202602'!J24 -> 0.064 | G24: ='202603'!J24 -> 0.062 | H24: ='202604'!J24 -> 0.107 | I24: ='202605'!J24 -> 0.073 | J24: ='202606'!J24 -> 0.01 | K24: ='202607'!J24 -> 0.138 | L24: ='202608'!J24 -> 0.066 | M24: ='202609'!J24 -> 0.051 | Q24: =MAX(E24:P24) -> 0.138 | R24: =MIN(E24:P24) -> 0.01 | S24: =AVERAGE(E24:P24) -> 0.072777778 | T24: =STDEV(E24:P24) -> 0.035716865 | U24: =IF(S24<=0.02, "매우좋음", IF(S24<=0.04, "좋음", IF(S24<=0.1, "약간좋음", IF(S24<=0.2, "보통", IF(S24<=0.3, "약간나쁨", IF(S24<=0.5, "나쁨", "매우나쁨")))))) -> 약간좋음
A25: 31 | C25: 신천11 | D25: 양주시 은현면 용암리 240-1(위생환경사업소앞) | E25: ='202601'!J25 -> 0.08 | F25: ='202602'!J25 -> 0.056 | G25: ='202603'!J25 -> 0.07 | H25: ='202604'!J25 -> 0.106 | I25: ='202605'!J25 -> 0.06 | J25: ='202606'!J25 -> 0.039 | K25: ='202607'!J25 -> 0.102 | L25: ='202608'!J25 -> 0.07 | M25: ='202609'!J25 -> 0.04 | Q25: =MAX(E25:P25) -> 0.106 | R25: =MIN(E25:P25) -> 0.039 | S25: =AVERAGE(E25:P25) -> 0.069222222 | T25: =STDEV(E25:P25) -> 0.023904904 | U25: =IF(S25<=0.02, "매우좋음", IF(S25<=0.04, "좋음", IF(S25<=0.1, "약간좋음", IF(S25<=0.2, "보통", IF(S25<=0.3, "약간나쁨", IF(S25<=0.5, "나쁨", "매우나쁨")))))) -> 약간좋음
A26: 32 | C26: 신천13 | D26: 동두천시 송내동 651-3(현대아이파크 앞) | E26: ='202601'!J26 -> 0.05 | F26: ='202602'!J26 -> 0.06 | G26: ='202603'!J26 -> 0.063 | H26: ='202604'!J26 -> 0.08 | I26: ='202605'!J26 -> 0.128 | J26: ='202606'!J26 -> 0.076 | K26: ='202607'!J26 -> 0.087 | L26: ='202608'!J26 -> 0.019 | M26: ='202609'!J26 -> 0.164 | Q26: =MAX(E26:P26) -> 0.164 | R26: =MIN(E26:P26) -> 0.019 | S26: =AVERAGE(E26:P26) -> 0.080777778 | T26: =STDEV(E26:P26) -> 0.042909142 | U26: =IF(S26<=0.02, "매우좋음", IF(S26<=0.04, "좋음", IF(S26<=0.1, "약간좋음", IF(S26<=0.2, "보통", IF(S26<=0.3, "약간나쁨", IF(S26<=0.5, "나쁨", "매우나쁨")))))) -> 약간좋음
A27: 33 | C27: 신천15 | D27: 동두천시 보산동 429-48 인근 진검다리 | E27: ='202601'!J27 -> 0.075 | F27: ='202602'!J27 -> 0.09 | G27: ='202603'!J27 -> 0.092 | H27: ='202604'!J27 -> 0.104 | I27: ='202605'!J27 -> 0.194 | J27: ='202606'!J27 -> 0.062 | K27: ='202607'!J27 -> 0.118 | L27: ='202608'!J27 -> 0.017 | M27: ='202609'!J27 -> 0.017 | Q27: =MAX(E27:P27) -> 0.194 | R27: =MIN(E27:P27) -> 0.017 | S27: =AVERAGE(E27:P27) -> 0.085444444 | T27: =STDEV(E27:P27) -> 0.053944673 | U27: =IF(S27<=0.02, "매우좋음", IF(S27<=0.04, "좋음", IF(S27<=0.1, "약간좋음", IF(S27<=0.2, "보통", IF(S27<=0.3, "약간나쁨", IF(S27<=0.5, "나쁨", "매우나쁨")))))) -> 약간좋음
A28: 34 | C28: 신천17 | D28: 동두천시 하봉암동 340-1 인근 | E28: ='202601'!J28 -> 0.104 | F28: ='202602'!J28 -> 0.103 | G28: ='202603'!J28 -> 0.134 | H28: ='202604'!J28 -> 0.149 | I28: ='202605'!J28 -> 0.213 | J28: ='202606'!J28 -> 0.085 | K28: ='202607'!J28 -> 0.091 | L28: ='202608'!J28 -> 0.065 | M28: ='202609'!J28 -> 0.065 | Q28: =MAX(E28:P28) -> 0.213 | R28: =MIN(E28:P28) -> 0.065 | S28: =AVERAGE(E28:P28) -> 0.11211111 | T28: =STDEV(E28:P28) -> 0.04715253 | U28: =IF(S28<=0.02, "매우좋음", IF(S28<=0.04, "좋음", IF(S28<=0.1, "약간좋음", IF(S28<=0.2, "보통", IF(S28<=0.3, "약간나쁨", IF(S28<=0.5, "나쁨", "매우나쁨")))))) -> 보통
A29: 35 | C29: 신천17-2 | D29: 동두천시 하봉암동 327-1(하봉암교) | E29: ='202601'!J29 -> 0.117 | F29: ='202602'!J29 -> 0.082 | G29: ='202603'!J29 -> 0.095 | H29: ='202604'!J29 -> 0.108 | I29: ='202605'!J29 -> 0.184 | J29: ='202606'!J29 -> 0.102 | K29: ='202607'!J29 -> 0.106 | L29: ='202608'!J29 -> 0.064 | M29: ='202609'!J29 -> 0.064 | Q29: =MAX(E29:P29) -> 0.184 | R29: =MIN(E29:P29) -> 0.064 | S29: =AVERAGE(E29:P29) -> 0.10244444 | T29: =STDEV(E29:P29) -> 0.035944788 | U29: =IF(S29<=0.02, "매우좋음", IF(S29<=0.04, "좋음", IF(S29<=0.1, "약간좋음", IF(S29<=0.2, "보통", IF(S29<=0.3, "약간나쁨", IF(S29<=0.5, "나쁨", "매우나쁨")))))) -> 보통
A30: 36 | C30: 신천18-1 | D30: 연천군 청산면 초성리 426, 초성교(시군경계) | E30: ='202601'!J30 -> 0.118 | F30: ='202602'!J30 -> 0.142 | G30: ='202603'!J30 -> 0.118 | H30: ='202604'!J30 -> 0.091 | I30: ='202605'!J30 -> 0.107 | J30: ='202606'!J30 -> 0.089 | K30: ='202607'!J30 -> 0.084 | L30: ='202608'!J30 -> 0.051 | M30: ='202609'!J30 -> 0.051 | Q30: =MAX(E30:P30) -> 0.142 | R30: =MIN(E30:P30) -> 0.051 | S30: =AVERAGE(E30:P30) -> 0.094555556 | T30: =STDEV(E30:P30) -> 0.030525035 | U30: =IF(S30<=0.02, "매우좋음", IF(S30<=0.04, "좋음", IF(S30<=0.1, "약간좋음", IF(S30<=0.2, "보통", IF(S30<=0.3, "약간나쁨", IF(S30<=0.5, "나쁨", "매우나쁨")))))) -> 약간좋음
A31: 37 | C31: 신천18 | D31: 연천군 청산면 초성리 142-5(신천교) | E31: ='202601'!J31 -> 0.123 | F31: ='202602'!J31 -> 0.131 | G31: ='202603'!J31 -> 0.122 | H31: ='202604'!J31 -> 0.104 | I31: ='202605'!J31 -> 0.099 | J31: ='202606'!J31 -> 0.091 | K31: ='202607'!J31 -> 0.077 | L31: ='202608'!J31 -> 0.041 | M31: ='202609'!J31 -> 0.041 | Q31: =MAX(E31:P31) -> 0.131 | R31: =MIN(E31:P31) -> 0.041 | S31: =AVERAGE(E31:P31) -> 0.092111111 | T31: =STDEV(E31:P31) -> 0.033546402 | U31: =IF(S31<=0.02, "매우좋음", IF(S31<=0.04, "좋음", IF(S31<=0.1, "약간좋음", IF(S31<=0.2, "보통", IF(S31<=0.3, "약간나쁨", IF(S31<=0.5, "나쁨", "매우나쁨")))))) -> 약간좋음
A32: 38 | C32: 신천20 | D32: 연천군 청산면 초성리 306-5(대전교) | E32: ='202601'!J32 -> 0.102 | F32: ='202602'!J32 -> 0.106 | G32: ='202603'!J32 -> 0.091 | H32: ='202604'!J32 -> 0.079 | I32: ='202605'!J32 -> 0.077 | J32: ='202606'!J32 -> 0.064 | K32: ='202607'!J32 -> 0.074 | L32: ='202608'!J32 -> 0.038 | M32: ='202609'!J32 -> 0.038 | Q32: =MAX(E32:P32) -> 0.106 | R32: =MIN(E32:P32) -> 0.038 | S32: =AVERAGE(E32:P32) -> 0.074333333 | T32: =STDEV(E32:P32) -> 0.024550967 | U32: =IF(S32<=0.02, "매우좋음", IF(S32<=0.04, "좋음", IF(S32<=0.1, "약간좋음", IF(S32<=0.2, "보통", IF(S32<=0.3, "약간나쁨", IF(S32<=0.5, "나쁨", "매우나쁨")))))) -> 약간좋음
A33: 39 | B33: 9)능안천 | C33: 능안천 | D33: 양주시 백석읍 방성리 205-12 | E33: ='202601'!J33 -> 0.142 | F33: ='202602'!J33 -> 0.052 | G33: ='202603'!J33 -> 0.102 | H33: ='202604'!J33 -> 0.201 | I33: ='202605'!J33 -> 0.124 | J33: ='202606'!J33 -> 0.032 | K33: ='202607'!J33 -> 0.098 | L33: ='202608'!J33 -> 0.037 | M33: ='202609'!J33 -> 0.037 | Q33: =MAX(E33:P33) -> 0.201 | R33: =MIN(E33:P33) -> 0.032 | S33: =AVERAGE(E33:P33) -> 0.091666667 | T33: =STDEV(E33:P33) -> 0.057868385 | U33: =IF(S33<=0.02, "매우좋음", IF(S33<=0.04, "좋음", IF(S33<=0.1, "약간좋음", IF(S33<=0.2, "보통", IF(S33<=0.3, "약간나쁨", IF(S33<=0.5, "나쁨", "매우나쁨")))))) -> 약간좋음
A34: 44 | B34: 10)효촌천 | C34: 효촌천 | D34: 양주시 남면 상수리 264 | E34: ='202601'!J34 -> 0.172 | F34: ='202602'!J34 -> 0.109 | G34: ='202603'!J34 -> 0.126 | H34: ='202604'!J34 -> 0.221 | I34: ='202605'!J34 -> 0.086 | J34: ='202606'!J34 -> 0.071 | K34: ='202607'!J34 -> 0.121 | L34: ='202608'!J34 -> 0.135 | M34: ='202609'!J34 -> 0.135 | Q34: =MAX(E34:P34) -> 0.221 | R34: =MIN(E34:P34) -> 0.071 | S34: =AVERAGE(E34:P34) -> 0.13066667 | T34: =STDEV(E34:P34) -> 0.0447856 | U34: =IF(S34<=0.02, "매우좋음", IF(S34<=0.04, "좋음", IF(S34<=0.1, "약간좋음", IF(S34<=0.2, "보통", IF(S34<=0.3, "약간나쁨", IF(S34<=0.5, "나쁨", "매우나쁨")))))) -> 보통
A35: 46 | B35: 11)덕계천 | C35: 덕계천-하 | D35: 양주시 회정동 317-4 | E35: ='202601'!J35 -> 0.087 | F35: ='202602'!J35 -> 0.028 | G35: ='202603'!J35 -> 0.023 | H35: ='202604'!J35 -> 0.028 | I35: ='202605'!J35 -> 0.049 | J35: ='202606'!J35 -> 0.027 | K35: ='202607'!J35 -> 0.023 | L35: ='202608'!J35 -> 0.019 | M35: ='202609'!J35 -> 0.019 | Q35: =MAX(E35:P35) -> 0.087 | R35: =MIN(E35:P35) -> 0.019 | S35: =AVERAGE(E35:P35) -> 0.033666667 | T35: =STDEV(E35:P35) -> 0.021926012 | U35: =IF(S35<=0.02, "매우좋음", IF(S35<=0.04, "좋음", IF(S35<=0.1, "약간좋음", IF(S35<=0.2, "보통", IF(S35<=0.3, "약간나쁨", IF(S35<=0.5, "나쁨", "매우나쁨")))))) -> 좋음
A36: 47 | B36: 12)마개미천 | C36: 마개미천 | D36: 양주시 덕계동 169-17 | E36: ='202601'!J36 -> 0.072 | F36: ='202602'!J36 -> 0.152 | G36: ='202603'!J36 -> 0.152 | H36: ='202604'!J36 -> 0.094 | I36: ='202605'!J36 -> 0.034 | J36: ='202606'!J36 -> 0.025 | K36: ='202607'!J36 -> 0.058 | L36: ='202608'!J36 -> 0.028 | M36: ='202609'!J36 -> 0.028 | Q36: =MAX(E36:P36) -> 0.152 | R36: =MIN(E36:P36) -> 0.025 | S36: =AVERAGE(E36:P36) -> 0.071444444 | T36: =STDEV(E36:P36) -> 0.051237465 | U36: =IF(S36<=0.02, "매우좋음", IF(S36<=0.04, "좋음", IF(S36<=0.1, "약간좋음", IF(S36<=0.2, "보통", IF(S36<=0.3, "약간나쁨", IF(S36<=0.5, "나쁨", "매우나쁨")))))) -> 약간좋음
A37: 49 | B37: 13)회암천 | C37: 회암천_중 | D37: 양주시 옥정동로 율정초교 앞 | E37: ='202601'!J37 -> 0.049 | F37: ='202602'!J37 -> 0.017 | G37: ='202603'!J37 -> 0.039 | H37: ='202604'!J37 -> 0.051 | I37: ='202605'!J37 -> 0.106 | J37: ='202606'!J37 -> 0.077 | K37: ='202607'!J37 -> 0.055 | L37: ='202608'!J37 -> 0.029 | M37: ='202609'!J37 -> 0.029 | Q37: =MAX(E37:P37) -> 0.106 | R37: =MIN(E37:P37) -> 0.017 | S37: =AVERAGE(E37:P37) -> 0.050222222 | T37: =STDEV(E37:P37) -> 0.027348573 | U37: =IF(S37<=0.02, "매우좋음", IF(S37<=0.04, "좋음", IF(S37<=0.1, "약간좋음", IF(S37<=0.2, "보통", IF(S37<=0.3, "약간나쁨", IF(S37<=0.5, "나쁨", "매우나쁨")))))) -> 약간좋음
A38: 50 | B38: 14)청담천 | C38: 청담천 | D38: 양주시 고암동 211-1 | E38: ='202601'!J38 -> 0.036 | F38: ='202602'!J38 -> 0.061 | G38: ='202603'!J38 -> 0.115 | H38: ='202604'!J38 -> 0.139 | I38: ='202605'!J38 -> 0.044 | J38: ='202606'!J38 -> 0.05 | K38: ='202607'!J38 -> 0.058 | L38: ='202608'!J38 -> 0.027 | M38: ='202609'!J38 -> 0.027 | Q38: =MAX(E38:P38) -> 0.139 | R38: =MIN(E38:P38) -> 0.027 | S38: =AVERAGE(E38:P38) -> 0.061888889 | T38: =STDEV(E38:P38) -> 0.039288817 | U38: =IF(S38<=0.02, "매우좋음", IF(S38<=0.04, "좋음", IF(S38<=0.1, "약간좋음", IF(S38<=0.2, "보통", IF(S38<=0.3, "약간나쁨", IF(S38<=0.5, "나쁨", "매우나쁨")))))) -> 약간좋음
B39: 15)상패천 | C39: 상패천 | D39: 동두천시 상패동 307-7 인근 (강변교 아래) (신천 합류 전) | E39: ='202601'!J39 -> 0.048 | F39: ='202602'!J39 -> 0.073 | G39: ='202603'!J39 -> 0.184 | H39: ='202604'!J39 -> 0.196 | I39: ='202605'!J39 -> 0.186 | J39: ='202606'!J39 -> 0.069 | K39: ='202607'!J39 -> 0.114 | L39: ='202608'!J39 -> 0.062 | M39: ='202609'!J39 -> 0.062 | Q39: =MAX(E39:P39) -> 0.196 | R39: =MIN(E39:P39) -> 0.048 | S39: =AVERAGE(E39:P39) -> 0.11044444 | T39: =STDEV(E39:P39) -> 0.061404623 | U39: =IF(S39<=0.02, "매우좋음", IF(S39<=0.04, "좋음", IF(S39<=0.1, "약간좋음", IF(S39<=0.2, "보통", IF(S39<=0.3, "약간나쁨", IF(S39<=0.5, "나쁨", "매우나쁨")))))) -> 보통

Sheet 26년 월별 색도현황
A1: 2026년 월별 색도현황
A2: 연번 | B2: 하천명 | C2: 시료번호 | D2: 주 소 | E2: 1월 | F2: 2월 | G2: 3월 | H2: 4월 | I2: 5월 | J2: 6월 | K2: 7월 | L2: 8월 | M2: 9월 | N2: 10월 | O2: 11월 | P2: 12월 | Q2: 최대 | R2: 최소 | S2: 평균 | T2: 편차 | V2: 목표기준 달성여부
A3: 2 | B3: 1)한탄강 | C3: 한탄강1 | D3: 포천시 창수면 운산리 영로교 아래 | E3: ='202601'!K3 -> 24 | F3: ='202602'!K3 -> 16 | G3: ='202603'!K3 -> 20 | H3: ='202604'!K3 -> 12 | I3: ='202605'!K3 -> 14 | J3: ='202606'!K3 -> 40 | K3: ='202607'!K3 -> 12 | L3: ='202608'!K3 -> 11 | M3: ='202609'!K3 -> 7 | Q3: =MAX(E3:P3) -> 40 | R3: =MIN(E3:P3) -> 7 | S3: =AVERAGE(E3:P3) -> 17.333333 | T3: =STDEV(E3:P3) -> 9.88686 | U3: 한탄강 | V3: =IF(S3<=15, "달성", "미달성") -> 미달성
A4: 3 | C4: 한탄강 연1 | D4: 연천군 전곡읍 신답리 1(영평천 합류전) | E4: ='202601'!K4 -> 8 | F4: ='202602'!K4 -> 18 | G4: ='202603'!K4 -> 8 | H4: ='202604'!K4 -> 18 | I4: ='202605'!K4 -> 19 | J4: ='202606'!K4 -> 41 | K4: ='202607'!K4 -> 13 | L4: ='202608'!K4 -> 6 | M4: ='202609'!K4 -> 17 | Q4: =MAX(E4:P4) -> 41 | R4: =MIN(E4:P4) -> 6 | S4: =AVERAGE(E4:P4) -> 16.444444 | T4: =STDEV(E4:P4) -> 10.477489 | U4: 한탄강 | V4: =IF(S4<=15, "달성", "미달성") -> 미달성
A5: 4 | C5: 한탄강 연2 | D5: 연천군 청산면 궁평리 561-1(영평천 합류후) | E5: ='202601'!K5 -> 6 | F5: ='202602'!K5 -> 18 | G5: ='202603'!K5 -> 11 | H5: ='202604'!K5 -> 20 | I5: ='202605'!K5 -> 22 | J5: ='202606'!K5 -> 41 | K5: ='202607'!K5 -> 15 | L5: ='202608'!K5 -> 7 | M5: ='202609'!K5 -> 16 | Q5: =MAX(E5:P5) -> 41 | R5: =MIN(E5:P5) -> 6 | S5: =AVERAGE(E5:P5) -> 17.333333 | T5: =STDEV(E5:P5) -> 10.440307 | U5: 한탄강(중류) | V5: =IF(S5<=15, "달성", "미달성") -> 미달성
A6: 8 | C6: 한탄강 연4 | D6: 연천군 전곡읍 전곡리 681-2(세월교)_색도 목표지점 | E6: ='202601'!K6 -> 10 | F6: ='202602'!K6 -> 23 | G6: ='202603'!K6 -> 17 | H6: ='202604'!K6 -> 26 | I6: ='202605'!K6 -> 24 | J6: ='202606'!K6 -> 48 | K6: ='202607'!K6 -> 15 | L6: ='202608'!K6 -> 12 | M6: ='202609'!K6 -> 17 | Q6: =MAX(E6:P6) -> 48 | R6: =MIN(E6:P6) -> 10 | S6: =AVERAGE(E6:P6) -> 21.333333 | T6: =STDEV(E6:P6) -> 11.379807 | U6: 한탄강(하류) | V6: =IF(S6<=15, "달성", "미달성") -> 미달성
A7: 10 | B7: 2)포천천 | C7: 포천천1 | D7: 포천시 소흘읍 무봉리 이동교리교 (포천천 상류,부인터사거리 뒤) | E7: ='202601'!K7 -> 10 | F7: ='202602'!K7 -> 17 | G7: ='202603'!K7 -> 14 | H7: ='202604'!K7 -> 15 | I7: ='202605'!K7 -> 44 | J7: ='202606'!K7 -> 44 | K7: ='202607'!K7 -> 9 | L7: ='202608'!K7 -> 10 | M7: ='202609'!K7 -> 9 | Q7: =MAX(E7:P7) -> 44 | R7: =MIN(E7:P7) -> 9 | S7: =AVERAGE(E7:P7) -> 19.111111 | T7: =STDEV(E7:P7) -> 14.391355 | U7: 영평천 지류 | V7: =IF(S7<=15, "달성", "미달성") -> 미달성
A8: 11 | C8: 포천천2 | D8: 포천시 신읍동 한내교 아래(실제 가스충전소 뒤 / 중류) | E8: ='202601'!K8 -> 8 | F8: ='202602'!K8 -> 17 | G8: ='202603'!K8 -> 18 | H8: ='202604'!K8 -> 11 | I8: ='202605'!K8 -> 47 | J8: ='202606'!K8 -> 38 | K8: ='202607'!K8 -> 14 | L8: ='202608'!K8 -> 14 | M8: ='202609'!K8 -> 8 | Q8: =MAX(E8:P8) -> 47 | R8: =MIN(E8:P8) -> 8 | S8: =AVERAGE(E8:P8) -> 19.444444 | T8: =STDEV(E8:P8) -> 13.712322 | U8: 영평천 지류 | V8: =IF(S8<=15, "달성", "미달성") -> 미달성
A9: 12 | C9: 포천천3 | D9: 포천시 영중면 거사3리 농본교(포천천 하류) | E9: ='202601'!K9 -> 24 | F9: ='202602'!K9 -> 19 | G9: ='202603'!K9 -> 24 | H9: ='202604'!K9 -> 35 | I9: ='202605'!K9 -> 42 | J9: ='202606'!K9 -> 40 | K9: ='202607'!K9 -> 11 | L9: ='202608'!K9 -> 12 | M9: ='202609'!K9 -> 10 | Q9: =MAX(E9:P9) -> 42 | R9: =MIN(E9:P9) -> 10 | S9: =AVERAGE(E9:P9) -> 24.111111 | T9: =STDEV(E9:P9) -> 12.424215 | U9: 영평천 지류 | V9: =IF(S9<=15, "달성", "미달성") -> 미달성
A10: 13 | B10: 3)금현천 | C10: 금현천 | D10: 포천시 가산면 마산리 금현천교 아래(세창아파트 뒤) | E10: ='202601'!K10 -> 19 | F10: ='202602'!K10 -> 38 | G10: ='202603'!K10 -> 36 | H10: ='202604'!K10 -> 34 | I10: ='202605'!K10 -> 53 | J10: ='202606'!K10 -> 58 | K10: ='202607'!K10 -> 9 | L10: ='202608'!K10 -> 12 | M10: ='202609'!K10 -> 14 | Q10: =MAX(E10:P10) -> 58 | R10: =MIN(E10:P10) -> 9 | S10: =AVERAGE(E10:P10) -> 30.333333 | T10: =STDEV(E10:P10) -> 17.923448 | U10: 영평천 지류 | V10: =IF(S10<=15, "달성", "미달성") -> 미달성
A11: 14 | B11: 4)송우천 | C11: 송우천 | D11: 포천시 송우리 641-92(송우교 아래) | E11: ='202601'!K11 -> 18 | F11: ='202602'!K11 -> 36 | G11: ='202603'!K11 -> 37 | H11: ='202604'!K11 -> 33 | I11: ='202605'!K11 -> 42 | J11: ='202606'!K11 -> 44 | K11: ='202607'!K11 -> 10 | L11: ='202608'!K11 -> 11 | M11: ='202609'!K11 -> 11 | Q11: =MAX(E11:P11) -> 44 | R11: =MIN(E11:P11) -> 10 | S11: =AVERAGE(E11:P11) -> 26.888889 | T11: =STDEV(E11:P11) -> 14.198983 | U11: 영평천 지류 | V11: =IF(S11<=15, "달성", "미달성") -> 미달성 | X11: 1
A12: 17 | B12: 5)영평천 | C12: 영평천1 | D12: 포천시 이동면 노곡리 낭유대교 아래(영평천 상류) | E12: ='202601'!K12 -> 12 | F12: ='202602'!K12 -> 14 | G12: ='202603'!K12 -> 15 | H12: ='202604'!K12 -> 12 | I12: ='202605'!K12 -> 31 | J12: ='202606'!K12 -> 23 | K12: ='202607'!K12 -> 8 | L12: ='202608'!K12 -> 8 | M12: ='202609'!K12 -> 11 | Q12: =MAX(E12:P12) -> 31 | R12: =MIN(E12:P12) -> 8 | S12: =AVERAGE(E12:P12) -> 14.888889 | T12: =STDEV(E12:P12) -> 7.5240356 | U12: 영평천 | V12: =IF(S12<=15, "달성", "미달성") -> 달성
A13: 18 | C13: 영평천2 | D13: 포천시 영중면 성동리 와룡교 아래(수입천 합류 후) | E13: ='202601'!K13 -> 23 | F13: ='202602'!K13 -> 19 | G13: ='202603'!K13 -> 18 | H13: ='202604'!K13 -> 13 | I13: ='202605'!K13 -> 24 | J13: ='202606'!K13 -> 26 | K13: ='202607'!K13 -> 21 | L13: ='202608'!K13 -> 10 | M13: ='202609'!K13 -> 15 | Q13: =MAX(E13:P13) -> 26 | R13: =MIN(E13:P13) -> 10 | S13: =AVERAGE(E13:P13) -> 18.777778 | T13: =STDEV(E13:P13) -> 5.3333333 | U13: 영평천 | V13: =IF(S13<=15, "달성", "미달성") -> 미달성
A14: 20 | C14: 영평천3 | D14: 포천시 영중면 영송리 영평교 아래(포천천 합류 후) | E14: ='202601'!K14 -> 14 | F14: ='202602'!K14 -> 17 | G14: ='202603'!K14 -> 9 | H14: ='202604'!K14 -> 15 | I14: ='202605'!K14 -> 33 | J14: ='202606'!K14 -> 35 | K14: ='202607'!K14 -> 6 | L14: ='202608'!K14 -> 10 | M14: ='202609'!K14 -> 18 | Q14: =MAX(E14:P14) -> 35 | R14: =MIN(E14:P14) -> 6 | S14: =AVERAGE(E14:P14) -> 17.444444 | T14: =STDEV(E14:P14) -> 10.162567 | U14: 영평천 | V14: =IF(S14<=15, "달성", "미달성") -> 미달성
A15: 21 | C15: 영평천4 | D15: 포천시 창수면 오가리 오가교 아래(외북천 합류 후) | E15: ='202601'!K15 -> 15 | F15: ='202602'!K15 -> 16 | G15: ='202603'!K15 -> 12 | H15: ='202604'!K15 -> 12 | I15: ='202605'!K15 -> 30 | J15: ='202606'!K15 -> 39 | K15: ='202607'!K15 -> 7 | L15: ='202608'!K15 -> 11 | M15: ='202609'!K15 -> 22 | Q15: =MAX(E15:P15) -> 39 | R15: =MIN(E15:P15) -> 7 | S15: =AVERAGE(E15:P15) -> 18.222222 | T15: =STDEV(E15:P15) -> 10.341395 | U15: 영평천 | V15: =IF(S15<=15, "달성", "미달성") -> 미달성
A16: 22 | C16: 영평천5 | D16: 포천시 창수면 고소성리 백의교(포천-연천 경계 / 영평천 하류) | E16: ='202601'!K16 -> 15 | F16: ='202602'!K16 -> 16 | G16: ='202603'!K16 -> 17 | H16: ='202604'!K16 -> 10 | I16: ='202605'!K16 -> 18 | J16: ='202606'!K16 -> 32 | K16: ='202607'!K16 -> 8 | L16: ='202608'!K16 -> 12 | M16: ='202609'!K16 -> 34 | Q16: =MAX(E16:P16) -> 34 | R16: =MIN(E16:P16) -> 8 | S16: =AVERAGE(E16:P16) -> 18 | T16: =STDEV(E16:P16) -> 9.1241438 | U16: 영평천(하류) | V16: =IF(S16<=15, "달성", "미달성") -> 미달성
A17: 23 | B17: 6)외북천 | C17: 외북천2 | D17: 포천시 영중면 영송리 통일교 아래(외북천 중류) | E17: ='202601'!K17 -> 28 | F17: ='202602'!K17 -> 74 | G17: ='202603'!K17 -> 35 | H17: ='202604'!K17 -> 31 | I17: ='202605'!K17 -> 80 | J17: ='202606'!K17 -> 76 | K17: ='202607'!K17 -> 15 | L17: ='202608'!K17 -> 23 | M17: ='202609'!K17 -> 35 | Q17: =MAX(E17:P17) -> 80 | R17: =MIN(E17:P17) -> 15 | S17: =AVERAGE(E17:P17) -> 44.111111 | T17: =STDEV(E17:P17) -> 25.221243 | U17: 영평천 지류 | V17: =IF(S17<=15, "달성", "미달성") -> 미달성
A18: 24 | C18: 외북천3 | D18: 포천시 영중면 영송리 두엄바이오 앞 (외북천 하류) | E18: ='202601'!K18 -> 31 | F18: ='202602'!K18 -> 73 | G18: ='202603'!K18 -> 35 | H18: ='202604'!K18 -> 32 | I18: ='202605'!K18 -> 82 | J18: ='202606'!K18 -> 85 | K18: ='202607'!K18 -> 18 | L18: ='202608'!K18 -> 21 | M18: ='202609'!K18 -> 32 | Q18: =MAX(E18:P18) -> 85 | R18: =MIN(E18:P18) -> 18 | S18: =AVERAGE(E18:P18) -> 45.444444 | T18: =STDEV(E18:P18) -> 26.669791 | U18: 영평천 지류 | V18: =IF(S18<=15, "달성", "미달성") -> 미달성
A19: 25 | B19: 7)수입천 | C19: 수입천 | D19: 포천시 일동면 사직리 1390-5(일이동처리장 입구) | E19: ='202601'!K19 -> 8 | F19: ='202602'!K19 -> 16 | G19: ='202603'!K19 -> 32 | H19: ='202604'!K19 -> 34 | I19: ='202605'!K19 -> 13 | J19: ='202606'!K19 -> 28 | K19: ='202607'!K19 -> 10 | L19: ='202608'!K19 -> 11 | M19: ='202609'!K19 -> 31 | Q19: =MAX(E19:P19) -> 34 | R19: =MIN(E19:P19) -> 8 | S19: =AVERAGE(E19:P19) -> 20.333333 | T19: =STDEV(E19:P19) -> 10.688779 | U19: 영평천 지류 | V19: =IF(S19<=15, "달성", "미달성") -> 미달성
A20: 26 | B20: 8)신천 | C20: 신천1 | D20: 양주시 백석읍 오산리 137-2(신천-오산리_방성천 합류 전) | E20: ='202601'!K20 -> 7 | F20: ='202602'!K20 -> 9 | G20: ='202603'!K20 -> 17 | H20: ='202604'!K20 -> 6 | I20: ='202605'!K20 -> 33 | J20: ='202606'!K20 -> 48 | K20: ='202607'!K20 -> 9 | L20: ='202608'!K20 -> 7 | M20: ='202609'!K20 -> 8 | Q20: =MAX(E20:P20) -> 48 | R20: =MIN(E20:P20) -> 6 | S20: =AVERAGE(E20:P20) -> 16 | T20: =STDEV(E20:P20) -> 14.739403 | U20: 신천 | V20: =IF(S20<=15, "달성", "미달성") -> 미달성
A21: 27 | C21: 신천5 | D21: 양주시 광적면 가납리 710(신천-우고천 합류 후) | E21: ='202601'!K21 -> 11 | F21: ='202602'!K21 -> 12 | G21: ='202603'!K21 -> 9 | H21: ='202604'!K21 -> 8 | I21: ='202605'!K21 -> 30 | J21: ='202606'!K21 -> 42 | K21: ='202607'!K21 -> 12 | L21: ='202608'!K21 -> 9 | M21: ='202609'!K21 -> 19 | Q21: =MAX(E21:P21) -> 42 | R21: =MIN(E21:P21) -> 8 | S21: =AVERAGE(E21:P21) -> 16.888889 | T21: =STDEV(E21:P21) -> 11.688076 | U21: 신천 | V21: =IF(S21<=15, "달성", "미달성") -> 미달성
A22: 28 | C22: 신천중류 | D22: 양주시 남면 상수리 104-39(입암천 합류 전) | E22: ='202601'!K22 -> 55 | F22: ='202602'!K22 -> 14 | G22: ='202603'!K22 -> 22 | H22: ='202604'!K22 -> 22 | I22: ='202605'!K22 -> 34 | J22: ='202606'!K22 -> 44 | K22: ='202607'!K22 -> 13 | L22: ='202608'!K22 -> 22 | M22: ='202609'!K22 -> 6 | Q22: =MAX(E22:P22) -> 55 | R22: =MIN(E22:P22) -> 6 | S22: =AVERAGE(E22:P22) -> 25.777778 | T22: =STDEV(E22:P22) -> 15.770049 | U22: 신천 | V22: =IF(S22<=15, "달성", "미달성") -> 미달성
A23: 29 | C23: 신천9 | D23: 양주시 은현면 운암리 60-15(은현교) | E23: ='202601'!K23 -> 24 | F23: ='202602'!K23 -> 21 | G23: ='202603'!K23 -> 16 | H23: ='202604'!K23 -> 25 | I23: ='202605'!K23 -> 164 | J23: ='202606'!K23 -> 47 | K23: ='202607'!K23 -> 11 | L23: ='202608'!K23 -> 16 | M23: ='202609'!K23 -> 3 | Q23: =MAX(E23:P23) -> 164 | R23: =MIN(E23:P23) -> 3 | S23: =AVERAGE(E23:P23) -> 36.333333 | T23: =STDEV(E23:P23) -> 49.381171 | U23: 신천 | V23: =IF(S23<=15, "달성", "미달성") -> 미달성
A24: 30 | C24: 용암교 | D24: 양주시 은현면 용암리 241-1(구 세월교) | E24: ='202601'!K24 -> 15 | F24: ='202602'!K24 -> 13 | G24: ='202603'!K24 -> 23 | H24: ='202604'!K24 -> 41 | I24: ='202605'!K24 -> 41 | J24: ='202606'!K24 -> 48 | K24: ='202607'!K24 -> 15 | L24: ='202608'!K24 -> 16 | M24: ='202609'!K24 -> 12 | Q24: =MAX(E24:P24) -> 48 | R24: =MIN(E24:P24) -> 12 | S24: =AVERAGE(E24:P24) -> 24.888889 | T24: =STDEV(E24:P24) -> 14.31297 | U24: 신천 | V24: =IF(S24<=15, "달성", "미달성") -> 미달성
A25: 31 | C25: 신천11 | D25: 양주시 은현면 용암리 240-1(위생환경사업소앞) | E25: ='202601'!K25 -> 19 | F25: ='202602'!K25 -> 14 | G25: ='202603'!K25 -> 24 | H25: ='202604'!K25 -> 57 | I25: ='202605'!K25 -> 33 | J25: ='202606'!K25 -> 37 | K25: ='202607'!K25 -> 9 | L25: ='202608'!K25 -> 12 | M25: ='202609'!K25 -> 5 | Q25: =MAX(E25:P25) -> 57 | R25: =MIN(E25:P25) -> 5 | S25: =AVERAGE(E25:P25) -> 23.333333 | T25: =STDEV(E25:P25) -> 16.545392 | U25: 신천 | V25: =IF(S25<=15, "달성", "미달성") -> 미달성
A26: 32 | C26: 신천13 | D26: 동두천시 송내동 651-3(현대아이파크 앞) | E26: ='202601'!K26 -> 9 | F26: ='202602'!K26 -> 22 | G26: ='202603'!K26 -> 23 | H26: ='202604'!K26 -> 20 | I26: ='202605'!K26 -> 52 | J26: ='202606'!K26 -> 35 | K26: ='202607'!K26 -> 24 | L26: ='202608'!K26 -> 12 | M26: ='202609'!K26 -> 12 | Q26: =MAX(E26:P26) -> 52 | R26: =MIN(E26:P26) -> 9 | S26: =AVERAGE(E26:P26) -> 23.222222 | T26: =STDEV(E26:P26) -> 13.386353 | U26: 신천 | V26: =IF(S26<=15, "달성", "미달성") -> 미달성
A27: 33 | C27: 신천15 | D27: 동두천시 보산동 429-48 인근 진검다리 | E27: ='202601'!K27 -> 19 | F27: ='202602'!K27 -> 27 | G27: ='202603'!K27 -> 41 | H27: ='202604'!K27 -> 38 | I27: ='202605'!K27 -> 44 | J27: ='202606'!K27 -> 55 | K27: ='202607'!K27 -> 20 | L27: ='202608'!K27 -> 19 | M27: ='202609'!K27 -> 19 | Q27: =MAX(E27:P27) -> 55 | R27: =MIN(E27:P27) -> 19 | S27: =AVERAGE(E27:P27) -> 31.333333 | T27: =STDEV(E27:P27) -> 13.518506 | U27: 신천 | V27: =IF(S27<=15, "달성", "미달성") -> 미달성
A28: 34 | C28: 신천17 | D28: 동두천시 하봉암동 340-1 인근 | E28: ='202601'!K28 -> 66 | F28: ='202602'!K28 -> 64 | G28: ='202603'!K28 -> 142 | H28: ='202604'!K28 -> 130 | I28: ='202605'!K28 -> 122 | J28: ='202606'!K28 -> 61 | K28: ='202607'!K28 -> 16 | L28: ='202608'!K28 -> 20 | M28: ='202609'!K28 -> 20 | Q28: =MAX(E28:P28) -> 142 | R28: =MIN(E28:P28) -> 16 | S28: =AVERAGE(E28:P28) -> 71.222222 | T28: =STDEV(E28:P28) -> 49.400855 | U28: 신천 | V28: =IF(S28<=15, "달성", "미달성") -> 미달성
A29: 35 | C29: 신천17-2 | D29: 동두천시 하봉암동 327-1(하봉암교) | E29: ='202601'!K29 -> 44 | F29: ='202602'!K29 -> 52 | G29: ='202603'!K29 -> 89 | H29: ='202604'!K29 -> 83 | I29: ='202605'!K29 -> 59 | J29: ='202606'!K29 -> 91 | K29: ='202607'!K29 -> 19 | L29: ='202608'!K29 -> 33 | M29: ='202609'!K29 -> 33 | Q29: =MAX(E29:P29) -> 91 | R29: =MIN(E29:P29) -> 19 | S29: =AVERAGE(E29:P29) -> 55.888889 | T29: =STDEV(E29:P29) -> 26.549221 | U29: 신천 | V29: =IF(S29<=15, "달성", "미달성") -> 미달성
A30: 36 | C30: 신천18-1 | D30: 연천군 청산면 초성리 426, 초성교(시군경계) | E30: ='202601'!K30 -> 30 | F30: ='202602'!K30 -> 45 | G30: ='202603'!K30 -> 50 | H30: ='202604'!K30 -> 59 | I30: ='202605'!K30 -> 59 | J30: ='202606'!K30 -> 65 | K30: ='202607'!K30 -> 15 | L30: ='202608'!K30 -> 21 | M30: ='202609'!K30 -> 21 | Q30: =MAX(E30:P30) -> 65 | R30: =MIN(E30:P30) -> 15 | S30: =AVERAGE(E30:P30) -> 40.555556 | T30: =STDEV(E30:P30) -> 19.092611 | U30: 신천 | V30: =IF(S30<=15, "달성", "미달성") -> 미달성
A31: 37 | C31: 신천18 | D31: 연천군 청산면 초성리 142-5(신천교) | E31: ='202601'!K31 -> 31 | F31: ='202602'!K31 -> 46 | G31: ='202603'!K31 -> 51 | H31: ='202604'!K31 -> 56 | I31: ='202605'!K31 -> 37 | J31: ='202606'!K31 -> 64 | K31: ='202607'!K31 -> 17 | L31: ='202608'!K31 -> 20 | M31: ='202609'!K31 -> 20 | Q31: =MAX(E31:P31) -> 64 | R31: =MIN(E31:P31) -> 17 | S31: =AVERAGE(E31:P31) -> 38 | T31: =STDEV(E31:P31) -> 17.219175 | U31: 신천 | V31: =IF(S31<=15, "달성", "미달성") -> 미달성
A32: 38 | C32: 신천20 | D32: 연천군 청산면 초성리 306-5(대전교) | E32: ='202601'!K32 -> 36 | F32: ='202602'!K32 -> 42 | G32: ='202603'!K32 -> 49 | H32: ='202604'!K32 -> 54 | I32: ='202605'!K32 -> 37 | J32: ='202606'!K32 -> 64 | K32: ='202607'!K32 -> 18 | L32: ='202608'!K32 -> 19 | M32: ='202609'!K32 -> 19 | Q32: =MAX(E32:P32) -> 64 | R32: =MIN(E32:P32) -> 18 | S32: =AVERAGE(E32:P32) -> 37.555556 | T32: =STDEV(E32:P32) -> 16.561334 | U32: 신천(하류) | V32: =IF(S32<=15, "달성", "미달성") -> 미달성
A33: 39 | B33: 9)능안천 | C33: 능안천 | D33: 양주시 백석읍 방성리 205-12 | E33: ='202601'!K33 -> 45 | F33: ='202602'!K33 -> 13 | G33: ='202603'!K33 -> 23 | H33: ='202604'!K33 -> 72 | I33: ='202605'!K33 -> 47 | J33: ='202606'!K33 -> 39 | K33: ='202607'!K33 -> 18 | L33: ='202608'!K33 -> 12 | M33: ='202609'!K33 -> 12 | Q33: =MAX(E33:P33) -> 72 | R33: =MIN(E33:P33) -> 12 | S33: =AVERAGE(E33:P33) -> 31.222222 | T33: =STDEV(E33:P33) -> 20.843331 | U33: 신천 지류 | V33: =IF(S33<=15, "달성", "미달성") -> 미달성
A34: 44 | B34: 10)효촌천 | C34: 효촌천 | D34: 양주시 남면 상수리 264 | E34: ='202601'!K34 -> 49 | F34: ='202602'!K34 -> 13 | G34: ='202603'!K34 -> 32 | H34: ='202604'!K34 -> 39 | I34: ='202605'!K34 -> 32 | J34: ='202606'!K34 -> 41 | K34: ='202607'!K34 -> 34 | L34: ='202608'!K34 -> 29 | M34: ='202609'!K34 -> 29 | Q34: =MAX(E34:P34) -> 49 | R34: =MIN(E34:P34) -> 13 | S34: =AVERAGE(E34:P34) -> 33.111111 | T34: =STDEV(E34:P34) -> 9.9428925 | U34: 신천 지류 | V34: =IF(S34<=15, "달성", "미달성") -> 미달성
A35: 46 | B35: 11)덕계천 | C35: 덕계천-하 | D35: 양주시 회정동 317-4 | E35: ='202601'!K35 -> 10 | F35: ='202602'!K35 -> 8 | G35: ='202603'!K35 -> 17 | H35: ='202604'!K35 -> 19 | I35: ='202605'!K35 -> 23 | J35: ='202606'!K35 -> 26 | K35: ='202607'!K35 -> 23 | L35: ='202608'!K35 -> 9 | M35: ='202609'!K35 -> 9 | Q35: =MAX(E35:P35) -> 26 | R35: =MIN(E35:P35) -> 8 | S35: =AVERAGE(E35:P35) -> 16 | T35: =STDEV(E35:P35) -> 7.1239034 | U35: 신천 지류 | V35: =IF(S35<=15, "달성", "미달성") -> 미달성
A36: 47 | B36: 12)마개미천 | C36: 마개미천 | D36: 양주시 덕계동 169-17 | E36: ='202601'!K36 -> 8 | F36: ='202602'!K36 -> 10 | G36: ='202603'!K36 -> 26 | H36: ='202604'!K36 -> 7 | I36: ='202605'!K36 -> 29 | J36: ='202606'!K36 -> 38 | K36: ='202607'!K36 -> 5 | L36: ='202608'!K36 -> 16 | M36: ='202609'!K36 -> 16 | Q36: =MAX(E36:P36) -> 38 | R36: =MIN(E36:P36) -> 5 | S36: =AVERAGE(E36:P36) -> 17.222222 | T36: =STDEV(E36:P36) -> 11.410278 | U36: 신천 지류 | V36: =IF(S36<=15, "달성", "미달성") -> 미달성
A37: 49 | B37: 13)회암천 | C37: 회암천_중 | D37: 양주시 옥정동로 율정초교 앞 | E37: ='202601'!K37 -> 28 | F37: ='202602'!K37 -> 15 | G37: ='202603'!K37 -> 31 | H37: ='202604'!K37 -> 40 | I37: ='202605'!K37 -> 42 | J37: ='202606'!K37 -> 33 | K37: ='202607'!K37 -> 8 | L37: ='202608'!K37 -> 9 | M37: ='202609'!K37 -> 9 | Q37: =MAX(E37:P37) -> 42 | R37: =MIN(E37:P37) -> 8 | S37: =AVERAGE(E37:P37) -> 23.888889 | T37: =STDEV(E37:P37) -> 13.751768 | U37: 신천 지류 | V37: =IF(S37<=15, "달성", "미달성") -> 미달성
A38: 50 | B38: 14)청담천 | C38: 청담천 | D38: 양주시 고암동 211-1 | E38: ='202601'!K38 -> 7 | F38: ='202602'!K38 -> 8 | G38: ='202603'!K38 -> 20 | H38: ='202604'!K38 -> 16 | I38: ='202605'!K38 -> 14 | J38: ='202606'!K38 -> 36 | K38: ='202607'!K38 -> 8 | L38: ='202608'!K38 -> 16 | M38: ='202609'!K38 -> 16 | Q38: =MAX(E38:P38) -> 36 | R38: =MIN(E38:P38) -> 7 | S38: =AVERAGE(E38:P38) -> 15.666667 | T38: =STDEV(E38:P38) -> 8.8600226 | U38: 신천 지류 | V38: =IF(S38<=15, "달성", "미달성") -> 미달성
B39: 15)상패천 | C39: 상패천 | D39: 동두천시 상패동 307-7 인근 (강변교 아래) (신천 합류 전) | E39: ='202601'!K39 -> 7 | F39: ='202602'!K39 -> 18 | G39: ='202603'!K39 -> 21 | H39: ='202604'!K39 -> 24 | I39: ='202605'!K39 -> 33 | J39: ='202606'!K39 -> 29 | K39: ='202607'!K39 -> 13 | L39: ='202608'!K39 -> 17 | M39: ='202609'!K39 -> 17 | Q39: =MAX(E39:P39) -> 33 | R39: =MIN(E39:P39) -> 7 | S39: =AVERAGE(E39:P39) -> 19.888889 | T39: =STDEV(E39:P39) -> 7.9599693 | U39: 신천 지류 | V39: =IF(S39<=15, "달성", "미달성") -> 미달성

Sheet 연도별 평균색도
A1: 연도별 평균 색도 현황
A2: 연번 | B2: 하천명 | C2: 시료번호 | D2: 주 소 | E2: 2019 | F2: 2020 | G2: 2021 | H2: 2022 | I2: 2023 | J2: 2024 | K2: 2025 | L2: 2026
A3: 1 | B3: 1)한탄강 | C3: 한탄강2 | D3: 포천시 관인면 냉정리 용담교 아래(관인면 냉정리 산118-1) | E3: - | F3: 11.166667 | G3: 9.3333333 | H3: 10.583333 | I3: 8.6666667 | J3: 7.1666667 | K3: 8.5833333 | L3: - | M3: 상류
A4: 2 | C4: 한탄강1 | D4: 포천시 창수면 운산리 영로교 아래 | E4: - | F4: 11.083333 | G4: 8.4166667 | H4: 8.0833333 | I4: 7.6666667 | J4: 7.4166667 | K4: 7.5833333 | L4: ='26년 월별 색도현황'!S3 -> 17.333333
A5: 3 | C5: 한탄강 연1 | D5: 연천군 전곡읍 신답리 1(영평천 합류전) | E5: - | F5: 13.166667 | G5: 10.083333 | H5: 9.4166667 | I5: 8.5833333 | J5: 8.25 | K5: 10 | L5: ='26년 월별 색도현황'!S4 -> 16.444444
A6: 4 | C6: 한탄강 연2 | D6: 연천군 청산면 궁평리 561-1(영평천 합류후) | E6: - | F6: 15.25 | G6: 10.666667 | H6: 10.416667 | I6: 9.3333333 | J6: 7.5833333 | K6: 8.9166667 | L6: ='26년 월별 색도현황'!S5 -> 17.333333 | M6: 중류
A7: 5 | C7: 한탄강 연3 | D7: 연천군 전곡읍 전곡리 413-8(고탄교) | E7: - | F7: 15.916667 | G7: 11.083333 | H7: 10.916667 | I7: 9.3333333 | J7: 8.3333333 | K7: 11 | L7: -
A8: 6 | C8: 한탄강_분리둑 | D8: 연천군 전곡읍 전곡리 681-16(사랑교/신천) | E8: 18 | F8: 16.666667 | G8: 19.333333 | H8: 27.333333 | I8: 22.25 | J8: 22.583333 | K8: 23.75 | L8: -
A9: 7 | C9: 한탄강 | D9: 연천군 전곡읍 전곡리 681-16(사랑교 / 한탄강 본류)(수질측정망 한탄강4) | E9: - | F9: - | G9: 20 | H9: 14.75 | I9: 13.583333 | J9: 13.916667 | K9: 17.916667 | L9: -
A10: 8 | C10: 한탄강 연4 | D10: 연천군 전곡읍 전곡리 681-2(세월교) | E10: - | F10: 18.166667 | G10: 15.916667 | H10: 17.916667 | I10: 16.5 | J10: 16.083333 | K10: 15.25 | L10: ='26년 월별 색도현황'!S6 -> 21.333333 | M10: 하류(목표)
B11: 부소천 | C11: 부소천 | D11: 포천시 영북면 소회산리 산3-10 | E11: - | F11: 10.833333 | G11: 8 | H11: - | I11: - | J11: - | K11: - | L11: -
B12: 건지천 | C12: 건지천 | D12: 포천시 관인면 중리 452 | E12: - | F12: 10.5 | G12: 6.9166667 | H12: - | I12: - | J12: - | K12: - | L12: -
A13: 9 | B13: 2)자일천 | C13: 자일천 | D13: 포천시 영북면 자일리 1039-1 | E13: - | F13: 14.083333 | G13: 11.916667 | H13: 13.416667 | I13: 12.75 | J13: 13.083333 | K13: 9.6666667 | L13: -
A14: 10 | B14: 3)포천천 | C14: 포천천1 | D14: 포천시 소흘읍 무봉리 이동교리교 (포천천 상류,부인터사거리 뒤) | E14: - | F14: 9.5 | G14: 8.3333333 | H14: 10.5 | I14: 8.1666667 | J14: 6.8333333 | K14: 10.666667 | L14: ='26년 월별 색도현황'!S7 -> 19.111111
A15: 11 | C15: 포천천2 | D15: 포천시 신읍동 한내교 아래(실제 가스충전소 뒤/중류) | E15: - | F15: 16.333333 | G15: 11.25 | H15: 11 | I15: 9.5833333 | J15: 9.5 | K15: 12.5 | L15: ='26년 월별 색도현황'!S8 -> 19.444444
A16: 12 | C16: 포천천3 | D16: 포천시 영중면 거사3리 농본교(포천천 하류) | E16: - | F16: 20.083333 | G16: 16.583333 | H16: 16.166667 | I16: 14 | J16: 12.5 | K16: 12.583333 | L16: ='26년 월별 색도현황'!S9 -> 24.111111 | M16: 하류
B17: 구읍천 | C17: 구읍천 | D17: 포천시 군내면 구읍리 포천2교 아래(5일장 옆) | E17: - | F17: 12 | G17: 8.6666667 | H17: - | I17: - | J17: - | K17: - | L17: -
B18: 명덕천 | C18: 명덕천 | D18: 포천시 신북면 만세교리 만세교 아래 | E18: - | F18: 11.333333 | G18: 8.6666667 | H18: - | I18: - | J18: - | K18: - | L18: -
B19: 좌의천 | C19: 좌의천 | D19: 포천시 군내면 유교리 좌의천교 아래 | E19: - | F19: 15 | G19: 10.25 | H19: 11.416667 | I19: - | J19: - | K19: - | L19: -
B20: 우금천 | C20: 우금천 | D20: 포천시 가산면 감암리 우금천교 아래 | E20: - | F20: 18.916667 | G20: 11.666667 | H20: 14.833333 | I20: - | J20: - | K20: - | L20: -
A21: 13 | B21: 4)금현천 | C21: 금현천 | D21: 포천시 가산면 마산리 금현천교 아래(세창아파트 뒤) | E21: - | F21: 29.083333 | G21: 25.833333 | H21: 25.75 | I21: 24.5 | J21: 20.666667 | K21: 14.166667 | L21: ='26년 월별 색도현황'!S10 -> 30.333333
A22: 14 | B22: 5)송우천 | C22: 송우천 | D22: 포천시 송우리 641-92(송우교 아래) | E22: - | F22: - | G22: - | H22: 14.666667 | I22: 11.75 | J22: 12.666667 | K22: 16.333333 | L22: ='26년 월별 색도현황'!S11 -> 26.888889
A23: 15 | B23: 6)고모천 | C23: 고모천 | D23: 포천시 가산면 방축리 수정교 아래(소흘처리장 옆) | E23: - | F23: 17.636364 | G23: 13.333333 | H23: 14.75 | I23: 11.083333 | J23: 11.166667 | K23: 15.25 | L23: -
A24: 16 | B24: 7)설운천 | C24: 설운천 | D24: 포천시 선단동 89-10(선단교 아래) | E24: - | F24: 17.636364 | G24: 13.333333 | H24: 13.25 | I24: 9.25 | J24: 8.8333333 | K24: 13.666667 | L24: -
A25: 17 | B25: 8)영평천 | C25: 영평천1 | D25: 포천시 이동면 노곡리 낭유대교 아래(영평천 상류) | E25: - | F25: 10.583333 | G25: 8.75 | H25: 9.6666667 | I25: 6.4166667 | J25: 7.25 | K25: 7 | L25: ='26년 월별 색도현황'!S12 -> 14.888889
A26: 18 | C26: 영평천2 | D26: 포천시 영중면 성동리 와룡교 아래(수입천 합류 후) | E26: - | F26: 9.8333333 | G26: 8.5 | H26: 9.6666667 | I26: 7.4166667 | J26: 7.5 | K26: 6.5 | L26: ='26년 월별 색도현황'!S13 -> 18.777778
A27: 19 | C27: 영평천2-B | D27: 포천시 영중면 양문리 974(사은교 다리 아래 / 포천천 합류 전) | E27: - | F27: - | G27: - | H27: 9.1666667 | I27: 7.8333333 | J27: - | K27: - | L27: -
A28: 20 | C28: 영평천3 | D28: 포천시 영중면 영송리 영평교 아래(포천천 합류 후) | E28: - | F28: 18.833333 | G28: 15.083333 | H28: 16.5 | I28: 11.083333 | J28: 11.416667 | K28: 15.25 | L28: ='26년 월별 색도현황'!S14 -> 17.444444
A29: 21 | C29: 영평천4 | D29: 포천시 창수면 오가리 오가교 아래(외북천 합류 후) | E29: - | F29: 19 | G29: 14.083333 | H29: 14.916667 | I29: 11.583333 | J29: 12 | K29: 18 | L29: ='26년 월별 색도현황'!S15 -> 18.222222
A30: 22 | C30: 영평천5 | D30: 포천시 창수면 고소성리 백의교(포천-연천 경계 / 영평천 하류) | E30: - | F30: 14.166667 | G30: 13.166667 | H30: 14 | I30: 10.916667 | J30: 12.416667 | K30: 16.666667 | L30: ='26년 월별 색도현황'!S16 -> 18 | M30: 하류
A31: 23 | B31: 9)외북천 | C31: 외북천2 | D31: 포천시 영중면 영송리 통일교 아래(외북천 중류) | E31: - | F31: 21.333333 | G31: 21 | H31: 23.333333 | I31: 14.25 | J31: 14.75 | K31: 28.416667 | L31: ='26년 월별 색도현황'!S17 -> 44.111111
A32: 24 | C32: 외북천3 | D32: 포천시 영중면 영송리 두엄바이오 앞 (외북천 하류) | E32: - | F32: 18.5 | G32: 13.333333 | H32: 15.666667 | I32: 10.833333 | J32: 13.833333 | K32: 27.25 | L32: ='26년 월별 색도현황'!S18 -> 45.444444
B33: 야미천 | C33: 야미천 | D33: 포천시 영중면 성동리 삼산교(항아리칼국수 맞은편) | E33: - | F33: 9.5833333 | G33: 8 | H33: - | I33: - | J33: - | K33: - | L33: -
A34: 25 | B34: 10)수입천 | C34: 수입천 | D34: 포천시 일동면 사직리 1390-5(일이동처리장 입구) | E34: - | F34: 10.666667 | G34: 8.75 | H34: 8.25 | I34: 7 | J34: 7.5 | K34: 8.9166667 | L34: ='26년 월별 색도현황'!S19 -> 20.333333
B35: 사직천 | C35: 사직천 | D35: 포천시 일동면 사직리 887-2(보 아래) 새터교 아래 | E35: - | F35: 10.416667 | G35: 8.25 | H35: - | I35: - | J35: - | K35: - | L35: -
B36: 추동천 | C36: 추동천 | D36: 포천시 창수면 주원리 금주교 아래 | E36: - | F36: 11.083333 | G36: 9.9166667 | H36: - | I36: - | J36: - | K36: - | L36: -
A37: 26 | B37: 11)신천 | C37: 신천1 | D37: 양주시 백석읍 오산리 137-2(신천-오산리_방성천 합류전) | E37: 22 | F37: 14.166667 | G37: 13.166667 | H37: 13.25 | I37: 8.25 | J37: 8.1666667 | K37: 8.4166667 | L37: ='26년 월별 색도현황'!S20 -> 16
A38: 27 | C38: 신천5 | D38: 양주시 광적면 가납리 710(신천-우고천 합류후) | E38: 31 | F38: 18.083333 | G38: 16 | H38: 13.25 | I38: 8.9166667 | J38: 10.083333 | K38: 9.75 | L38: ='26년 월별 색도현황'!S21 -> 16.888889
A39: 28 | C39: 신천중류 | D39: 양주시 남면 상수리 104-39(입암천 합류전) | E39: 41 | F39: 24.833333 | G39: 21.583333 | H39: 22.416667 | I39: 15.333333 | J39: 17.666667 | K39: 16.833333 | L39: ='26년 월별 색도현황'!S22 -> 25.777778
A40: 29 | C40: 신천9 | D40: 양주시 은현면 운암리 60-15(은현교) | E40: 52 | F40: 26.416667 | G40: 23.833333 | H40: 23.833333 | I40: 16.5 | J40: 15.75 | K40: 15.75 | L40: ='26년 월별 색도현황'!S23 -> 36.333333
C41: 신천10 | D41: 양주시 은현면 용암리 산17-1(용암리 수중보) | E41: 46 | F41: 24.833333 | G41: 22.5 | H41: - | I41: - | J41: - | K41: - | L41: -
A42: 30 | C42: 용암교 | D42: 양주시 은현면 용암리 241-1(구 세월교) | E42: 44 | F42: 23.916667 | G42: 24.75 | H42: 21.25 | I42: 15.916667 | J42: 15.333333 | K42: 14.333333 | L42: ='26년 월별 색도현황'!S24 -> 24.888889
A43: 31 | C43: 신천11 | D43: 양주시 은현면 용암리 240-1(위생환경사업소앞) | E43: 33 | F43: 23.25 | G43: 19.416667 | H43: 18.416667 | I43: 15.083333 | J43: 16.083333 | K43: 14.333333 | L43: ='26년 월별 색도현황'!S25 -> 23.333333
C44: 신천14 | D44: 동두천시 송내동 551 동두천터미널 (송천교 아래) | E44: - | F44: 19.583333 | G44: 20.083333 | H44: 16.25 | I44: - | J44: - | K44: - | L44: -
A45: 32 | C45: 신천13 | D45: 양주시 은현면 하패리 54-4(방주교회 앞)->동두천시 송내동 651-3(현대아이파크 앞) | E45: 32 | F45: 20.25 | G45: 19.25 | H45: 17.416667 | I45: 12.583333 | J45: 11.833333 | K45: 14.416667 | L45: ='26년 월별 색도현황'!S26 -> 23.222222
A46: 33 | C46: 신천15 | D46: 동두천시 보산동 429-48 인근 진검다리 | E46: 60 | F46: 40.75 | G46: 34.583333 | H46: 34.5 | I46: 21 | J46: 24.916667 | K46: 21.166667 | L46: ='26년 월별 색도현황'!S27 -> 31.333333
A47: 34 | C47: 신천17 | D47: 동두천시 하봉암동 340-1 인근 | E47: 73 | F47: 49.583333 | G47: 56 | H47: 60.083333 | I47: 49.333333 | J47: 46.75 | K47: 60.583333 | L47: ='26년 월별 색도현황'!S28 -> 71.222222 | M47: 목표(BSC 62도: 73도의 85%)
A48: 35 | C48: 신천17-2 | D48: 동두천시 하봉암동 327-1(하봉암교) | E48: - | F48: - | G48: - | H48: 39.5 | I48: 29.5 | J48: 35.333333 | K48: 39.583333 | L48: ='26년 월별 색도현황'!S29 -> 55.888889
A49: 36 | C49: 신천18-1 | D49: 연천군 청산면 초성리 426, 초성교(시군경계) | E49: - | F49: 38 | G49: 33.083333 | H49: 36.916667 | I49: 26 | J49: 25 | K49: 26.833333 | L49: ='26년 월별 색도현황'!S30 -> 40.555556
A50: 37 | C50: 신천18 | D50: 연천군 청산면 초성리 142-5(신천교) | E50: 56 | F50: 37.583333 | G50: 33.5 | H50: 36.166667 | I50: 24.416667 | J50: 22.916667 | K50: 26.083333 | L50: ='26년 월별 색도현황'!S31 -> 38
A51: 38 | C51: 신천20 | D51: 연천군 청산면 초성리 306-5, 대전교 | E51: 56 | F51: 36.25 | G51: 33.166667 | H51: 35 | I51: 24.5 | J51: 23.583333 | K51: 26.166667 | L51: ='26년 월별 색도현황'!S32 -> 37.555556 | M51: 하류
A52: 39 | B52: 12)능안천 | C52: 능안천 | D52: 양주시 백석읍 방성리 205-12 | E52: - | F52: 38 | G52: 15.75 | H52: 24.166667 | I52: 13.333333 | J52: 16.5 | K52: 19.5 | L52: ='26년 월별 색도현황'!S33 -> 31.222222
A53: 40 | B53: 13)홍죽천 | C53: 홍죽천 | D53: 양주시 백석읍 오산리 233-14 | E53: - | F53: 15.75 | G53: 13.666667 | H53: 13.083333 | I53: 9.3333333 | J53: 10.916667 | K53: 9.0833333 | L53: -
A54: 41 | B54: 14)연곡천 | C54: 연곡천 | D54: 양주시 광적면 가납리 653-13 | E54: - | F54: 19.75 | G54: 15.666667 | H54: 14 | I54: 10.666667 | J54: 12.666667 | K54: 9.8333333 | L54: -
A55: 42 | B55: 15)우고천 | C55: 우고천 | D55: 양주시 광적면 가납리 710 | E55: - | F55: 15.916667 | G55: 14.166667 | H55: 11.583333 | I55: 7.8333333 | J55: 10 | K55: 9.8333333 | L55: -
A56: 43 | B56: 16)석우천 | C56: 석우천 | D56: 양주시 광적면 석우리 22-1 | E56: - | F56: 18.833333 | G56: 16.5 | H56: 17.916667 | I56: 14.583333 | J56: 13.666667 | K56: 13.583333 | L56: -
A57: 44 | B57: 17)효촌천 | C57: 효촌천 | D57: 양주시 남면 상수리 264 | E57: - | F57: 37.166667 | G57: 38.083333 | H57: 37.166667 | I57: 23.083333 | J57: 20.5 | K57: 21.666667 | L57: ='26년 월별 색도현황'!S34 -> 33.111111
A58: 45 | B58: 18)입암천 | C58: 입암천 | D58: 양주시 남면 상수리 117-39 | E58: - | F58: 17.666667 | G58: 17.083333 | H58: 14.666667 | I58: 12.75 | J58: 13 | K58: 12.75 | L58: -
A59: 46 | B59: 19)덕계천 | C59: 덕계천 | D59: 양주시 고암동 211-1 ---> 양주시 덕계동 441-4('24) | E59: - | F59: 13.833333 | G59: 15.75 | H59: 11.083333 | I59: 8.3333333 | J59: 9.9166667 | K59: 9.5 | L59: ='26년 월별 색도현황'!S35 -> 16
C60: 마개미천 | D60: 양주시 덕계동 169-17 | E60: - | F60: - | G60: - | H60: - | I60: - | J60: - | K60: - | L60: ='26년 월별 색도현황'!S36 -> 17.222222
A61: 47 | B61: 20)회암천 | C61: 회암천_중 | D61: 양주시 옥정동로 율정초교 앞 | E61: - | F61: - | G61: 25.833333 | H61: 22.75 | I61: 14.333333 | J61: 16.416667 | K61: 17.083333 | L61: ='26년 월별 색도현황'!S37 -> 23.888889
A62: 48 | C62: 회암천 | D62: 양주시 봉양동 941-1(독정동 6통 신천합류전) | E62: - | F62: 24.083333 | G62: 14 | H62: 11.916667 | I62: 9.5 | J62: 9.5833333 | K62: 12.916667 | L62: -
A63: 49 | B63: 21)청담천 | C63: 청담천 | D63: 양주시 덕정동 495-11(신천 합류전) ---> 양주시 고암동 211-1('24) | E63: - | F63: 13.416667 | G63: 13.5 | H63: 11.75 | I63: 8.3333333 | J63: 8 | K63: 7.9166667 | L63: ='26년 월별 색도현황'!S38 -> 15.666667
B64: 지행천 | C64: 지행천 | D64: 동두천시 지행동 지행동 662-1 (선업교 아래) | E64: - | F64: 12.833333 | G64: 11.916667 | H64: 9.1666667 | I64: - | J64: - | K64: - | L64: -
B65: 22)상패천 | C65: 귀평천 상 | D65: 양주시 은현면 하패리 474(엘림섬유 방류 전) | E65: - | F65: - | G65: 28 | H65: 20.5 | I65: - | J65: - | K65: - | L65: -
C66: 귀평천 중 | D66: 양주시 은현면 하패리 459-4(엘림섬유 방류 후) | E66: - | F66: - | G66: 78.777778 | H66: 67.916667 | I66: - | J66: - | K66: - | L66: -
C67: 진재1천-중 | D67: 양주시 은현면 하패리 466-1 | E67: - | F67: - | G67: 29.777778 | H67: 21.916667 | I67: - | J67: - | K67: - | L67: -
C68: 상패천 | D68: 양주시 동두천시 상패동 303(귀평천 합류 후 상패천) | E68: - | F68: 67.75 | G68: 66.5 | H68: 54 | I68: - | J68: - | K68: - | L68: -
A69: 50 | C69: 상패천 | D69: 동두천시 상패동 307-7 인근 (강변교 아래) (신천 합류 전 상패천) | E69: 76 | F69: 38.083333 | G69: 50 | H69: 30.833333 | I69: 10.416667 | J69: 12.916667 | K69: 12.909091 | L69: ='26년 월별 색도현황'!S39 -> 19.888889
A70: 51 | B70: 23)동두천 | C70: 동두천 | D70: 동두천시 동두천동 211-1 인근 | E70: - | F70: 13 | G70: 14.5 | H70: 11.583333 | I70: 6 | J70: 9.9166667 | K70: 11.166667 | L70: -
A71: 52 | B71: 24)대전천 | C71: 대전천 | D71: 연천군 청산면 대전리 564-5 | E71: - | F71: 14 | G71: 11.833333 | H71: 9.8333333 | I71: 6.5 | J71: 8.5833333 | K71: 11.666667 | L71: -
